epoch,lr-AdamW,step,test/loss,test/mae,test/pearson,test/rmse,train/loss_epoch,train/loss_step,train/mae,train/pearson,train/rmse,val/loss,val/mae,val/pearson,val/rmse
,0.0005,0,,,,,,,,,,,,,
0,,9,,,,,,10.089372634887695,,,,,,,
0,,19,,,,,,9.76102066040039,,,,,,,
0,,29,,,,,,2.8163912296295166,,,,,,,
0,,39,,,,,,2.262366771697998,,,,,,,
0,,49,,,,,,3.9813296794891357,,,,,,,
0,,59,,,,,,3.9957501888275146,,,,,,,
0,,69,,,,,,2.919534683227539,,,,,,,
0,,79,,,,,,2.2564404010772705,,,,,,,
0,,89,,,,,,4.409974575042725,,,,,,,
0,,99,,,,,,2.995211124420166,,,,,,,
0,,109,,,,,,4.483233451843262,,,,,,,
0,,119,,,,,,3.7367401123046875,,,,,,,
0,,129,,,,,,5.8311614990234375,,,,,,,
0,,139,,,,,,2.3943674564361572,,,,,,,
0,,149,,,,,,9.687366485595703,,,,,,,
0,,159,,,,,,4.56715726852417,,,,,,,
0,,169,,,,,,2.6587533950805664,,,,,,,
0,,179,,,,,,4.3963847160339355,,,,,,,
0,,189,,,,,,3.1432580947875977,,,,,,,
0,,199,,,,,,2.2068517208099365,,,,,,,
0,,209,,,,,,5.061311721801758,,,,,,,
0,,219,,,,,,4.184423446655273,,,,,,,
0,,229,,,,,,5.548717021942139,,,,,,,
0,,239,,,,,,2.946800947189331,,,,,,,
0,,249,,,,,,2.400789737701416,,,,,,,
0,,259,,,,,,2.7498106956481934,,,,,,,
0,,269,,,,,,6.285191535949707,,,,,,,
0,,279,,,,,,5.868093490600586,,,,,,,
0,,289,,,,,,3.2223010063171387,,,,,,,
0,,299,,,,,,5.3064284324646,,,,,,,
0,,309,,,,,,3.7871227264404297,,,,,,,
0,,319,,,,,,6.747108459472656,,,,,,,
0,,329,,,,,,4.9440388679504395,,,,,,,
0,,339,,,,,,2.0848217010498047,,,,,,,
0,,349,,,,,,3.7654521465301514,,,,,,,
0,,359,,,,,,2.616544246673584,,,,,,,
0,,369,,,,,,5.040947914123535,,,,,,,
0,,379,,,,,,4.207123279571533,,,,,,,
0,,389,,,,,,1.5324448347091675,,,,,,,
0,,399,,,,,,4.494818210601807,,,,,,,
0,,409,,,,,,1.9556174278259277,,,,,,,
0,,419,,,,,,3.8606600761413574,,,,,,,
0,,429,,,,,,4.503104209899902,,,,,,,
0,,437,,,,,,,,,,3.7085325717926025,1.5226150751113892,0.32766592502593994,1.9257550239562988
0,,437,,,,,4.6459126472473145,,1.723389744758606,0.16675476729869843,2.15543794631958,,,,
,0.0005,438,,,,,,,,,,,,,
1,,439,,,,,,4.5670881271362305,,,,,,,
1,,449,,,,,,3.845675230026245,,,,,,,
1,,459,,,,,,3.1184308528900146,,,,,,,
1,,469,,,,,,3.3299243450164795,,,,,,,
1,,479,,,,,,5.520122528076172,,,,,,,
1,,489,,,,,,2.018545627593994,,,,,,,
1,,499,,,,,,4.986419677734375,,,,,,,
1,,509,,,,,,3.394026041030884,,,,,,,
1,,519,,,,,,3.113081932067871,,,,,,,
1,,529,,,,,,4.338059425354004,,,,,,,
1,,539,,,,,,3.761314868927002,,,,,,,
1,,549,,,,,,3.193725109100342,,,,,,,
1,,559,,,,,,4.109775066375732,,,,,,,
1,,569,,,,,,2.8210601806640625,,,,,,,
1,,579,,,,,,3.348130226135254,,,,,,,
1,,589,,,,,,6.932762622833252,,,,,,,
1,,599,,,,,,3.0548324584960938,,,,,,,
1,,609,,,,,,1.632050633430481,,,,,,,
1,,619,,,,,,1.9761254787445068,,,,,,,
1,,629,,,,,,6.1834211349487305,,,,,,,
1,,639,,,,,,4.345992088317871,,,,,,,
1,,649,,,,,,3.6170461177825928,,,,,,,
1,,659,,,,,,1.4905376434326172,,,,,,,
1,,669,,,,,,2.4759950637817383,,,,,,,
1,,679,,,,,,2.7115306854248047,,,,,,,
1,,689,,,,,,4.617959022521973,,,,,,,
1,,699,,,,,,3.911051034927368,,,,,,,
1,,709,,,,,,2.545625925064087,,,,,,,
1,,719,,,,,,2.617837429046631,,,,,,,
1,,729,,,,,,5.88791561126709,,,,,,,
1,,739,,,,,,3.7926743030548096,,,,,,,
1,,749,,,,,,2.9296751022338867,,,,,,,
1,,759,,,,,,4.170243263244629,,,,,,,
1,,769,,,,,,1.9390534162521362,,,,,,,
1,,779,,,,,,1.762880563735962,,,,,,,
1,,789,,,,,,1.1882233619689941,,,,,,,
1,,799,,,,,,4.795654296875,,,,,,,
1,,809,,,,,,2.820952892303467,,,,,,,
1,,819,,,,,,8.476682662963867,,,,,,,
1,,829,,,,,,4.437307834625244,,,,,,,
1,,839,,,,,,7.105777263641357,,,,,,,
1,,849,,,,,,1.2443156242370605,,,,,,,
1,,859,,,,,,0.6904816031455994,,,,,,,
1,,869,,,,,,3.5377235412597656,,,,,,,
1,,875,,,,,,,,,,3.8713979721069336,1.5622174739837646,0.26662302017211914,1.967586874961853
1,,875,,,,,3.446892499923706,,1.4970899820327759,0.41175201535224915,1.8565808534622192,,,,
,0.0005,876,,,,,,,,,,,,,
2,,879,,,,,,1.3508752584457397,,,,,,,
2,,889,,,,,,3.3986995220184326,,,,,,,
2,,899,,,,,,2.0597262382507324,,,,,,,
2,,909,,,,,,1.7358505725860596,,,,,,,
2,,919,,,,,,1.9266154766082764,,,,,,,
2,,929,,,,,,2.3183112144470215,,,,,,,
2,,939,,,,,,1.3725507259368896,,,,,,,
2,,949,,,,,,4.386298656463623,,,,,,,
2,,959,,,,,,2.284907817840576,,,,,,,
2,,969,,,,,,4.354132652282715,,,,,,,
2,,979,,,,,,2.204413414001465,,,,,,,
2,,989,,,,,,2.9350056648254395,,,,,,,
2,,999,,,,,,4.658814430236816,,,,,,,
2,,1009,,,,,,1.0248386859893799,,,,,,,
2,,1019,,,,,,3.230576992034912,,,,,,,
2,,1029,,,,,,2.5345864295959473,,,,,,,
2,,1039,,,,,,1.2249627113342285,,,,,,,
2,,1049,,,,,,2.032221794128418,,,,,,,
2,,1059,,,,,,1.9279537200927734,,,,,,,
2,,1069,,,,,,2.6437933444976807,,,,,,,
2,,1079,,,,,,2.9121835231781006,,,,,,,
2,,1089,,,,,,2.978869915008545,,,,,,,
2,,1099,,,,,,1.2670578956604004,,,,,,,
2,,1109,,,,,,2.075509548187256,,,,,,,
2,,1119,,,,,,5.444822311401367,,,,,,,
2,,1129,,,,,,2.1893978118896484,,,,,,,
2,,1139,,,,,,1.4294261932373047,,,,,,,
2,,1149,,,,,,3.4146502017974854,,,,,,,
2,,1159,,,,,,3.1336510181427,,,,,,,
2,,1169,,,,,,4.718523979187012,,,,,,,
2,,1179,,,,,,4.317219257354736,,,,,,,
2,,1189,,,,,,2.929389238357544,,,,,,,
2,,1199,,,,,,7.459116458892822,,,,,,,
2,,1209,,,,,,3.4570908546447754,,,,,,,
2,,1219,,,,,,6.032401084899902,,,,,,,
2,,1229,,,,,,1.316590428352356,,,,,,,
2,,1239,,,,,,2.936404228210449,,,,,,,
2,,1249,,,,,,1.7374906539916992,,,,,,,
2,,1259,,,,,,1.685831904411316,,,,,,,
2,,1269,,,,,,3.7357542514801025,,,,,,,
2,,1279,,,,,,6.497846603393555,,,,,,,
2,,1289,,,,,,4.030677318572998,,,,,,,
2,,1299,,,,,,4.104803562164307,,,,,,,
2,,1309,,,,,,4.920816898345947,,,,,,,
2,,1313,,,,,,,,,,3.7152037620544434,1.5410157442092896,0.2934183180332184,1.9274864196777344
2,,1313,,,,,3.281947135925293,,1.4500315189361572,0.4484894573688507,1.8116145133972168,,,,
,0.0005,1314,,,,,,,,,,,,,
3,,1319,,,,,,1.4750826358795166,,,,,,,
3,,1329,,,,,,3.3484256267547607,,,,,,,
3,,1339,,,,,,2.7923500537872314,,,,,,,
3,,1349,,,,,,1.2607187032699585,,,,,,,
3,,1359,,,,,,3.5630252361297607,,,,,,,
3,,1369,,,,,,3.656334638595581,,,,,,,
3,,1379,,,,,,4.111601829528809,,,,,,,
3,,1389,,,,,,0.7785018682479858,,,,,,,
3,,1399,,,,,,3.150438070297241,,,,,,,
3,,1409,,,,,,4.106013298034668,,,,,,,
3,,1419,,,,,,4.258769512176514,,,,,,,
3,,1429,,,,,,2.895547389984131,,,,,,,
3,,1439,,,,,,7.4040679931640625,,,,,,,
3,,1449,,,,,,0.5439407229423523,,,,,,,
3,,1459,,,,,,7.241189956665039,,,,,,,
3,,1469,,,,,,3.9894814491271973,,,,,,,
3,,1479,,,,,,4.229864597320557,,,,,,,
3,,1489,,,,,,1.9996477365493774,,,,,,,
3,,1499,,,,,,2.6343188285827637,,,,,,,
3,,1509,,,,,,3.835202932357788,,,,,,,
3,,1519,,,,,,5.773357391357422,,,,,,,
3,,1529,,,,,,4.797720432281494,,,,,,,
3,,1539,,,,,,1.6043928861618042,,,,,,,
3,,1549,,,,,,3.567810297012329,,,,,,,
3,,1559,,,,,,4.368907451629639,,,,,,,
3,,1569,,,,,,4.104698181152344,,,,,,,
3,,1579,,,,,,6.551103591918945,,,,,,,
3,,1589,,,,,,1.1883069276809692,,,,,,,
3,,1599,,,,,,5.642936706542969,,,,,,,
3,,1609,,,,,,2.3250577449798584,,,,,,,
3,,1619,,,,,,4.120460033416748,,,,,,,
3,,1629,,,,,,1.9880247116088867,,,,,,,
3,,1639,,,,,,5.678680419921875,,,,,,,
3,,1649,,,,,,1.8228034973144531,,,,,,,
3,,1659,,,,,,2.991927146911621,,,,,,,
3,,1669,,,,,,3.9679927825927734,,,,,,,
3,,1679,,,,,,1.7585387229919434,,,,,,,
3,,1689,,,,,,5.875001430511475,,,,,,,
3,,1699,,,,,,1.9565165042877197,,,,,,,
3,,1709,,,,,,9.140217781066895,,,,,,,
3,,1719,,,,,,3.5163416862487793,,,,,,,
3,,1729,,,,,,1.6415380239486694,,,,,,,
3,,1739,,,,,,2.995929002761841,,,,,,,
3,,1749,,,,,,2.749596357345581,,,,,,,
3,,1751,,,,,,,,,,3.5443224906921387,1.5110565423965454,0.3679754436016083,1.8826371431350708
3,,1751,,,,,3.1853110790252686,,1.4307488203048706,0.47799766063690186,1.7847440242767334,,,,
,0.0005,1752,,,,,,,,,,,,,
4,,1759,,,,,,4.694023609161377,,,,,,,
4,,1769,,,,,,1.547567367553711,,,,,,,
4,,1779,,,,,,1.368476152420044,,,,,,,
4,,1789,,,,,,3.0848402976989746,,,,,,,
4,,1799,,,,,,3.3368070125579834,,,,,,,
4,,1809,,,,,,3.862555503845215,,,,,,,
4,,1819,,,,,,1.3508496284484863,,,,,,,
4,,1829,,,,,,3.210045337677002,,,,,,,
4,,1839,,,,,,4.8460588455200195,,,,,,,
4,,1849,,,,,,3.670166492462158,,,,,,,
4,,1859,,,,,,4.530104637145996,,,,,,,
4,,1869,,,,,,4.289889335632324,,,,,,,
4,,1879,,,,,,2.7239933013916016,,,,,,,
4,,1889,,,,,,6.802989959716797,,,,,,,
4,,1899,,,,,,4.907940864562988,,,,,,,
4,,1909,,,,,,1.7025833129882812,,,,,,,
4,,1919,,,,,,4.749772548675537,,,,,,,
4,,1929,,,,,,3.220737934112549,,,,,,,
4,,1939,,,,,,0.9492058753967285,,,,,,,
4,,1949,,,,,,2.4578864574432373,,,,,,,
4,,1959,,,,,,2.4360835552215576,,,,,,,
4,,1969,,,,,,0.7335225343704224,,,,,,,
4,,1979,,,,,,4.775486946105957,,,,,,,
4,,1989,,,,,,2.2390642166137695,,,,,,,
4,,1999,,,,,,2.6437160968780518,,,,,,,
4,,2009,,,,,,1.524733304977417,,,,,,,
4,,2019,,,,,,2.8946800231933594,,,,,,,
4,,2029,,,,,,4.533480644226074,,,,,,,
4,,2039,,,,,,4.311821460723877,,,,,,,
4,,2049,,,,,,3.8345298767089844,,,,,,,
4,,2059,,,,,,1.3913538455963135,,,,,,,
4,,2069,,,,,,4.329494953155518,,,,,,,
4,,2079,,,,,,1.6095085144042969,,,,,,,
4,,2089,,,,,,1.6274387836456299,,,,,,,
4,,2099,,,,,,3.932396650314331,,,,,,,
4,,2109,,,,,,3.0642471313476562,,,,,,,
4,,2119,,,,,,2.133788824081421,,,,,,,
4,,2129,,,,,,1.6497001647949219,,,,,,,
4,,2139,,,,,,1.86661958694458,,,,,,,
4,,2149,,,,,,2.6768569946289062,,,,,,,
4,,2159,,,,,,4.613320827484131,,,,,,,
4,,2169,,,,,,3.0068652629852295,,,,,,,
4,,2179,,,,,,1.3108575344085693,,,,,,,
4,,2189,,,,,,4.594748020172119,,,,,,,
4,,2189,,,,,,,,,,3.4580302238464355,1.498079538345337,0.3789474070072174,1.859578013420105
4,,2189,,,,,3.0493457317352295,,1.4014493227005005,0.5040254592895508,1.7462376356124878,,,,
,0.0005,2190,,,,,,,,,,,,,
5,,2199,,,,,,2.2061705589294434,,,,,,,
5,,2209,,,,,,7.563479423522949,,,,,,,
5,,2219,,,,,,3.4123167991638184,,,,,,,
5,,2229,,,,,,3.708618402481079,,,,,,,
5,,2239,,,,,,1.6722135543823242,,,,,,,
5,,2249,,,,,,2.967968225479126,,,,,,,
5,,2259,,,,,,3.5827796459198,,,,,,,
5,,2269,,,,,,1.1086194515228271,,,,,,,
5,,2279,,,,,,5.575333595275879,,,,,,,
5,,2289,,,,,,1.4395334720611572,,,,,,,
5,,2299,,,,,,5.240475177764893,,,,,,,
5,,2309,,,,,,1.7960585355758667,,,,,,,
5,,2319,,,,,,5.520199775695801,,,,,,,
5,,2329,,,,,,3.7898142337799072,,,,,,,
5,,2339,,,,,,2.9451537132263184,,,,,,,
5,,2349,,,,,,2.800161600112915,,,,,,,
5,,2359,,,,,,3.8818249702453613,,,,,,,
5,,2369,,,,,,6.947974681854248,,,,,,,
5,,2379,,,,,,6.776758193969727,,,,,,,
5,,2389,,,,,,2.094571590423584,,,,,,,
5,,2399,,,,,,3.5100998878479004,,,,,,,
5,,2409,,,,,,1.0716899633407593,,,,,,,
5,,2419,,,,,,3.387676239013672,,,,,,,
5,,2429,,,,,,1.7873425483703613,,,,,,,
5,,2439,,,,,,4.092103481292725,,,,,,,
5,,2449,,,,,,2.079693555831909,,,,,,,
5,,2459,,,,,,4.77888298034668,,,,,,,
5,,2469,,,,,,2.8241159915924072,,,,,,,
5,,2479,,,,,,3.97560715675354,,,,,,,
5,,2489,,,,,,2.224486827850342,,,,,,,
5,,2499,,,,,,3.280628204345703,,,,,,,
5,,2509,,,,,,5.366181373596191,,,,,,,
5,,2519,,,,,,2.2802586555480957,,,,,,,
5,,2529,,,,,,1.551456093788147,,,,,,,
5,,2539,,,,,,4.732426643371582,,,,,,,
5,,2549,,,,,,1.3932675123214722,,,,,,,
5,,2559,,,,,,7.509815692901611,,,,,,,
5,,2569,,,,,,1.710039734840393,,,,,,,
5,,2579,,,,,,1.9266401529312134,,,,,,,
5,,2589,,,,,,3.184295177459717,,,,,,,
5,,2599,,,,,,3.730696201324463,,,,,,,
5,,2609,,,,,,4.287843227386475,,,,,,,
5,,2619,,,,,,4.877476692199707,,,,,,,
5,,2627,,,,,,,,,,3.4914309978485107,1.5355371236801147,0.36551433801651,1.8685370683670044
5,,2627,,,,,2.9367995262145996,,1.367376685142517,0.5317074060440063,1.7137092351913452,,,,
,0.0005,2628,,,,,,,,,,,,,
6,,2629,,,,,,2.4909045696258545,,,,,,,
6,,2639,,,,,,2.0732197761535645,,,,,,,
6,,2649,,,,,,1.9143187999725342,,,,,,,
6,,2659,,,,,,3.0633630752563477,,,,,,,
6,,2669,,,,,,2.143103837966919,,,,,,,
6,,2679,,,,,,2.0612576007843018,,,,,,,
6,,2689,,,,,,0.7020610570907593,,,,,,,
6,,2699,,,,,,1.1213104724884033,,,,,,,
6,,2709,,,,,,5.861495018005371,,,,,,,
6,,2719,,,,,,2.8363232612609863,,,,,,,
6,,2729,,,,,,1.906794786453247,,,,,,,
6,,2739,,,,,,2.299386501312256,,,,,,,
6,,2749,,,,,,1.534320592880249,,,,,,,
6,,2759,,,,,,0.3737095296382904,,,,,,,
6,,2769,,,,,,0.8880709409713745,,,,,,,
6,,2779,,,,,,3.3687782287597656,,,,,,,
6,,2789,,,,,,0.985054612159729,,,,,,,
6,,2799,,,,,,4.478329658508301,,,,,,,
6,,2809,,,,,,2.4347407817840576,,,,,,,
6,,2819,,,,,,2.823272943496704,,,,,,,
6,,2829,,,,,,4.310373783111572,,,,,,,
6,,2839,,,,,,2.337294578552246,,,,,,,
6,,2849,,,,,,3.5730390548706055,,,,,,,
6,,2859,,,,,,1.806092619895935,,,,,,,
6,,2869,,,,,,3.2150869369506836,,,,,,,
6,,2879,,,,,,2.3631396293640137,,,,,,,
6,,2889,,,,,,6.8168511390686035,,,,,,,
6,,2899,,,,,,1.4799778461456299,,,,,,,
6,,2909,,,,,,1.1491014957427979,,,,,,,
6,,2919,,,,,,2.0447075366973877,,,,,,,
6,,2929,,,,,,4.8535542488098145,,,,,,,
6,,2939,,,,,,3.5695807933807373,,,,,,,
6,,2949,,,,,,2.67004132270813,,,,,,,
6,,2959,,,,,,4.431214809417725,,,,,,,
6,,2969,,,,,,2.620131731033325,,,,,,,
6,,2979,,,,,,3.7285845279693604,,,,,,,
6,,2989,,,,,,1.7817052602767944,,,,,,,
6,,2999,,,,,,3.4755630493164062,,,,,,,
6,,3009,,,,,,2.7272584438323975,,,,,,,
6,,3019,,,,,,3.6925671100616455,,,,,,,
6,,3029,,,,,,2.2411797046661377,,,,,,,
6,,3039,,,,,,1.47342848777771,,,,,,,
6,,3049,,,,,,2.4048633575439453,,,,,,,
6,,3059,,,,,,1.2184580564498901,,,,,,,
6,,3065,,,,,,,,,,4.0045084953308105,1.649983525276184,0.32998061180114746,2.001126766204834
6,,3065,,,,,2.8704235553741455,,1.3549153804779053,0.5449287295341492,1.69423246383667,,,,
,0.0005,3066,,,,,,,,,,,,,
7,,3069,,,,,,3.571389675140381,,,,,,,
7,,3079,,,,,,0.5319549441337585,,,,,,,
7,,3089,,,,,,6.84067440032959,,,,,,,
7,,3099,,,,,,4.602893829345703,,,,,,,
7,,3109,,,,,,0.45893681049346924,,,,,,,
7,,3119,,,,,,2.846593141555786,,,,,,,
7,,3129,,,,,,2.0693020820617676,,,,,,,
7,,3139,,,,,,3.412118911743164,,,,,,,
7,,3149,,,,,,4.922018527984619,,,,,,,
7,,3159,,,,,,2.488938808441162,,,,,,,
7,,3169,,,,,,2.046619415283203,,,,,,,
7,,3179,,,,,,1.4032238721847534,,,,,,,
7,,3189,,,,,,2.014951705932617,,,,,,,
7,,3199,,,,,,1.8826427459716797,,,,,,,
7,,3209,,,,,,4.909997463226318,,,,,,,
7,,3219,,,,,,2.1933810710906982,,,,,,,
7,,3229,,,,,,3.2072336673736572,,,,,,,
7,,3239,,,,,,0.4094492793083191,,,,,,,
7,,3249,,,,,,4.852652549743652,,,,,,,
7,,3259,,,,,,3.783447742462158,,,,,,,
7,,3269,,,,,,2.8971288204193115,,,,,,,
7,,3279,,,,,,4.939000606536865,,,,,,,
7,,3289,,,,,,3.0225768089294434,,,,,,,
7,,3299,,,,,,2.209819793701172,,,,,,,
7,,3309,,,,,,2.6872568130493164,,,,,,,
7,,3319,,,,,,2.141429901123047,,,,,,,
7,,3329,,,,,,2.3023593425750732,,,,,,,
7,,3339,,,,,,3.3066141605377197,,,,,,,
7,,3349,,,,,,5.131356716156006,,,,,,,
7,,3359,,,,,,4.774177551269531,,,,,,,
7,,3369,,,,,,1.8981683254241943,,,,,,,
7,,3379,,,,,,2.6791508197784424,,,,,,,
7,,3389,,,,,,3.0742297172546387,,,,,,,
7,,3399,,,,,,4.6224822998046875,,,,,,,
7,,3409,,,,,,3.1229095458984375,,,,,,,
7,,3419,,,,,,4.222160339355469,,,,,,,
7,,3429,,,,,,2.6855525970458984,,,,,,,
7,,3439,,,,,,1.9550609588623047,,,,,,,
7,,3449,,,,,,1.201135516166687,,,,,,,
7,,3459,,,,,,1.0495723485946655,,,,,,,
7,,3469,,,,,,1.9842891693115234,,,,,,,
7,,3479,,,,,,2.9082984924316406,,,,,,,
7,,3489,,,,,,2.1852481365203857,,,,,,,
7,,3499,,,,,,4.145893096923828,,,,,,,
7,,3503,,,,,,,,,,3.569333076477051,1.5213345289230347,0.3360089361667633,1.889267921447754
7,,3503,,,,,2.797424554824829,,1.3251317739486694,0.5586980581283569,1.6725503206253052,,,,
,0.0005,3504,,,,,,,,,,,,,
8,,3509,,,,,,2.392542839050293,,,,,,,
8,,3519,,,,,,1.0885597467422485,,,,,,,
8,,3529,,,,,,1.0733205080032349,,,,,,,
8,,3539,,,,,,3.3413519859313965,,,,,,,
8,,3549,,,,,,0.7059985399246216,,,,,,,
8,,3559,,,,,,0.5294544696807861,,,,,,,
8,,3569,,,,,,1.4338130950927734,,,,,,,
8,,3579,,,,,,3.467681646347046,,,,,,,
8,,3589,,,,,,1.9540660381317139,,,,,,,
8,,3599,,,,,,3.7445945739746094,,,,,,,
8,,3609,,,,,,0.6415935754776001,,,,,,,
8,,3619,,,,,,4.533590316772461,,,,,,,
8,,3629,,,,,,2.2090349197387695,,,,,,,
8,,3639,,,,,,2.869495391845703,,,,,,,
8,,3649,,,,,,1.2051899433135986,,,,,,,
8,,3659,,,,,,3.176180601119995,,,,,,,
8,,3669,,,,,,1.6168012619018555,,,,,,,
8,,3679,,,,,,6.844090461730957,,,,,,,
8,,3689,,,,,,3.0516371726989746,,,,,,,
8,,3699,,,,,,2.2425403594970703,,,,,,,
8,,3709,,,,,,9.284381866455078,,,,,,,
8,,3719,,,,,,7.212622165679932,,,,,,,
8,,3729,,,,,,2.7434372901916504,,,,,,,
8,,3739,,,,,,1.6775575876235962,,,,,,,
8,,3749,,,,,,0.44288450479507446,,,,,,,
8,,3759,,,,,,4.746585845947266,,,,,,,
8,,3769,,,,,,5.583937168121338,,,,,,,
8,,3779,,,,,,2.183454990386963,,,,,,,
8,,3789,,,,,,2.426150321960449,,,,,,,
8,,3799,,,,,,1.453950047492981,,,,,,,
8,,3809,,,,,,2.8173274993896484,,,,,,,
8,,3819,,,,,,2.689072370529175,,,,,,,
8,,3829,,,,,,2.019174098968506,,,,,,,
8,,3839,,,,,,3.0074620246887207,,,,,,,
8,,3849,,,,,,3.332871675491333,,,,,,,
8,,3859,,,,,,4.513089179992676,,,,,,,
8,,3869,,,,,,1.8058115243911743,,,,,,,
8,,3879,,,,,,3.7331624031066895,,,,,,,
8,,3889,,,,,,3.57235050201416,,,,,,,
8,,3899,,,,,,3.686572551727295,,,,,,,
8,,3909,,,,,,1.3703292608261108,,,,,,,
8,,3919,,,,,,1.8193869590759277,,,,,,,
8,,3929,,,,,,4.584501266479492,,,,,,,
8,,3939,,,,,,7.565402984619141,,,,,,,
8,,3941,,,,,,,,,,3.499063491821289,1.5006784200668335,0.41375482082366943,1.870578408241272
8,,3941,,,,,2.7204229831695557,,1.3085615634918213,0.5713708400726318,1.6493704319000244,,,,
,0.0005,3942,,,,,,,,,,,,,
9,,3949,,,,,,2.9889376163482666,,,,,,,
9,,3959,,,,,,6.078427314758301,,,,,,,
9,,3969,,,,,,2.2907004356384277,,,,,,,
9,,3979,,,,,,2.8171911239624023,,,,,,,
9,,3989,,,,,,4.429133415222168,,,,,,,
9,,3999,,,,,,2.302372455596924,,,,,,,
9,,4009,,,,,,2.3442132472991943,,,,,,,
9,,4019,,,,,,4.904886722564697,,,,,,,
9,,4029,,,,,,3.2541613578796387,,,,,,,
9,,4039,,,,,,1.5475629568099976,,,,,,,
9,,4049,,,,,,2.382974147796631,,,,,,,
9,,4059,,,,,,2.403407573699951,,,,,,,
9,,4069,,,,,,5.2273030281066895,,,,,,,
9,,4079,,,,,,6.031232833862305,,,,,,,
9,,4089,,,,,,2.1150431632995605,,,,,,,
9,,4099,,,,,,3.159336566925049,,,,,,,
9,,4109,,,,,,4.784639835357666,,,,,,,
9,,4119,,,,,,3.2309529781341553,,,,,,,
9,,4129,,,,,,1.2248544692993164,,,,,,,
9,,4139,,,,,,6.423326015472412,,,,,,,
9,,4149,,,,,,1.9659082889556885,,,,,,,
9,,4159,,,,,,1.7218873500823975,,,,,,,
9,,4169,,,,,,3.424777030944824,,,,,,,
9,,4179,,,,,,2.44465970993042,,,,,,,
9,,4189,,,,,,5.979832649230957,,,,,,,
9,,4199,,,,,,3.3771939277648926,,,,,,,
9,,4209,,,,,,2.655710458755493,,,,,,,
9,,4219,,,,,,2.140512704849243,,,,,,,
9,,4229,,,,,,2.031062602996826,,,,,,,
9,,4239,,,,,,1.3714114427566528,,,,,,,
9,,4249,,,,,,3.015648126602173,,,,,,,
9,,4259,,,,,,1.8964037895202637,,,,,,,
9,,4269,,,,,,2.780494213104248,,,,,,,
9,,4279,,,,,,5.302517890930176,,,,,,,
9,,4289,,,,,,3.697173595428467,,,,,,,
9,,4299,,,,,,0.6433795690536499,,,,,,,
9,,4309,,,,,,3.982414960861206,,,,,,,
9,,4319,,,,,,3.2835052013397217,,,,,,,
9,,4329,,,,,,2.2899248600006104,,,,,,,
9,,4339,,,,,,1.1851398944854736,,,,,,,
9,,4349,,,,,,1.3101731538772583,,,,,,,
9,,4359,,,,,,0.975216269493103,,,,,,,
9,,4369,,,,,,1.0674152374267578,,,,,,,
9,,4379,,,,,,2.2821154594421387,,,,,,,
9,,4379,,,,,,,,,,3.957338333129883,1.6248948574066162,0.38241514563560486,1.9893059730529785
9,,4379,,,,,2.717510938644409,,1.3212336301803589,0.5744155645370483,1.6484874486923218,,,,
,0.0005,4380,,,,,,,,,,,,,
10,,4389,,,,,,2.5123772621154785,,,,,,,
10,,4399,,,,,,1.813879370689392,,,,,,,
10,,4409,,,,,,1.3764504194259644,,,,,,,
10,,4419,,,,,,5.892328262329102,,,,,,,
10,,4429,,,,,,2.35479998588562,,,,,,,
10,,4439,,,,,,3.417465925216675,,,,,,,
10,,4449,,,,,,2.2362256050109863,,,,,,,
10,,4459,,,,,,2.568411350250244,,,,,,,
10,,4469,,,,,,1.9962341785430908,,,,,,,
10,,4479,,,,,,4.956311225891113,,,,,,,
10,,4489,,,,,,2.243696689605713,,,,,,,
10,,4499,,,,,,1.2132384777069092,,,,,,,
10,,4509,,,,,,2.5908970832824707,,,,,,,
10,,4519,,,,,,3.233139991760254,,,,,,,
10,,4529,,,,,,0.5367757678031921,,,,,,,
10,,4539,,,,,,2.919217586517334,,,,,,,
10,,4549,,,,,,1.0859782695770264,,,,,,,
10,,4559,,,,,,0.9234722852706909,,,,,,,
10,,4569,,,,,,2.1617252826690674,,,,,,,
10,,4579,,,,,,1.5502870082855225,,,,,,,
10,,4589,,,,,,2.8586294651031494,,,,,,,
10,,4599,,,,,,3.7465076446533203,,,,,,,
10,,4609,,,,,,1.4808320999145508,,,,,,,
10,,4619,,,,,,4.242691993713379,,,,,,,
10,,4629,,,,,,1.307602882385254,,,,,,,
10,,4639,,,,,,0.9396470189094543,,,,,,,
10,,4649,,,,,,4.037045001983643,,,,,,,
10,,4659,,,,,,2.26567006111145,,,,,,,
10,,4669,,,,,,0.924888014793396,,,,,,,
10,,4679,,,,,,3.470431089401245,,,,,,,
10,,4689,,,,,,2.5618603229522705,,,,,,,
10,,4699,,,,,,3.069376230239868,,,,,,,
10,,4709,,,,,,1.5870633125305176,,,,,,,
10,,4719,,,,,,4.509016036987305,,,,,,,
10,,4729,,,,,,2.588949680328369,,,,,,,
10,,4739,,,,,,1.6678969860076904,,,,,,,
10,,4749,,,,,,3.7395262718200684,,,,,,,
10,,4759,,,,,,5.389742374420166,,,,,,,
10,,4769,,,,,,1.9341628551483154,,,,,,,
10,,4779,,,,,,1.1316083669662476,,,,,,,
10,,4789,,,,,,3.7160418033599854,,,,,,,
10,,4799,,,,,,7.299340724945068,,,,,,,
10,,4809,,,,,,1.6481645107269287,,,,,,,
10,,4817,,,,,,,,,,3.6908607482910156,1.548492193222046,0.3462633192539215,1.9211612939834595
10,,4817,,,,,2.6861732006073,,1.3023147583007812,0.5796816945075989,1.6389548778533936,,,,
,0.0005,4818,,,,,,,,,,,,,
11,,4819,,,,,,2.0374536514282227,,,,,,,
11,,4829,,,,,,4.5998663902282715,,,,,,,
11,,4839,,,,,,1.9180002212524414,,,,,,,
11,,4849,,,,,,2.05487060546875,,,,,,,
11,,4859,,,,,,1.6014866828918457,,,,,,,
11,,4869,,,,,,1.085444688796997,,,,,,,
11,,4879,,,,,,2.9488158226013184,,,,,,,
11,,4889,,,,,,2.6418418884277344,,,,,,,
11,,4899,,,,,,1.3506156206130981,,,,,,,
11,,4909,,,,,,2.1071386337280273,,,,,,,
11,,4919,,,,,,2.8266077041625977,,,,,,,
11,,4929,,,,,,1.382800817489624,,,,,,,
11,,4939,,,,,,1.9520103931427002,,,,,,,
11,,4949,,,,,,2.8277652263641357,,,,,,,
11,,4959,,,,,,1.8085987567901611,,,,,,,
11,,4969,,,,,,2.855567455291748,,,,,,,
11,,4979,,,,,,1.1575268507003784,,,,,,,
11,,4989,,,,,,2.760164260864258,,,,,,,
11,,4999,,,,,,2.4462943077087402,,,,,,,
11,,5009,,,,,,1.2248895168304443,,,,,,,
11,,5019,,,,,,2.446530342102051,,,,,,,
11,,5029,,,,,,3.066854953765869,,,,,,,
11,,5039,,,,,,1.6414217948913574,,,,,,,
11,,5049,,,,,,2.5966508388519287,,,,,,,
11,,5059,,,,,,4.503594398498535,,,,,,,
11,,5069,,,,,,1.8507390022277832,,,,,,,
11,,5079,,,,,,2.581040859222412,,,,,,,
11,,5089,,,,,,3.224208354949951,,,,,,,
11,,5099,,,,,,3.6786577701568604,,,,,,,
11,,5109,,,,,,4.895730972290039,,,,,,,
11,,5119,,,,,,1.4032483100891113,,,,,,,
11,,5129,,,,,,1.715620756149292,,,,,,,
11,,5139,,,,,,2.2174670696258545,,,,,,,
11,,5149,,,,,,0.4216778576374054,,,,,,,
11,,5159,,,,,,2.8109993934631348,,,,,,,
11,,5169,,,,,,4.383486270904541,,,,,,,
11,,5179,,,,,,5.141724586486816,,,,,,,
11,,5189,,,,,,3.92399001121521,,,,,,,
11,,5199,,,,,,2.7871623039245605,,,,,,,
11,,5209,,,,,,1.9675140380859375,,,,,,,
11,,5219,,,,,,2.694517135620117,,,,,,,
11,,5229,,,,,,0.964059591293335,,,,,,,
11,,5239,,,,,,2.4372715950012207,,,,,,,
11,,5249,,,,,,1.3783445358276367,,,,,,,
11,,5255,,,,,,,,,,3.700026035308838,1.5519556999206543,0.31197184324264526,1.9235451221466064
11,,5255,,,,,2.619424819946289,,1.2934561967849731,0.5933351516723633,1.6184637546539307,,,,
,0.0005,5256,,,,,,,,,,,,,
12,,5259,,,,,,2.413752555847168,,,,,,,
12,,5269,,,,,,0.9815328121185303,,,,,,,
12,,5279,,,,,,2.314444065093994,,,,,,,
12,,5289,,,,,,1.34148371219635,,,,,,,
12,,5299,,,,,,9.085055351257324,,,,,,,
12,,5309,,,,,,3.230469226837158,,,,,,,
12,,5319,,,,,,2.9278736114501953,,,,,,,
12,,5329,,,,,,2.0230472087860107,,,,,,,
12,,5339,,,,,,0.34234583377838135,,,,,,,
12,,5349,,,,,,1.9629396200180054,,,,,,,
12,,5359,,,,,,4.904339790344238,,,,,,,
12,,5369,,,,,,1.2235010862350464,,,,,,,
12,,5379,,,,,,1.8783620595932007,,,,,,,
12,,5389,,,,,,0.48670968413352966,,,,,,,
12,,5399,,,,,,2.8958868980407715,,,,,,,
12,,5409,,,,,,2.3180530071258545,,,,,,,
12,,5419,,,,,,2.002462863922119,,,,,,,
12,,5429,,,,,,1.3281317949295044,,,,,,,
12,,5439,,,,,,1.697216272354126,,,,,,,
12,,5449,,,,,,3.261366844177246,,,,,,,
12,,5459,,,,,,1.8135416507720947,,,,,,,
12,,5469,,,,,,1.773743987083435,,,,,,,
12,,5479,,,,,,4.628486156463623,,,,,,,
12,,5489,,,,,,1.6103646755218506,,,,,,,
12,,5499,,,,,,8.691941261291504,,,,,,,
12,,5509,,,,,,5.425396919250488,,,,,,,
12,,5519,,,,,,3.603553533554077,,,,,,,
12,,5529,,,,,,4.133265495300293,,,,,,,
12,,5539,,,,,,2.2105209827423096,,,,,,,
12,,5549,,,,,,1.0467228889465332,,,,,,,
12,,5559,,,,,,4.529227256774902,,,,,,,
12,,5569,,,,,,1.426384687423706,,,,,,,
12,,5579,,,,,,5.0056986808776855,,,,,,,
12,,5589,,,,,,0.8808719515800476,,,,,,,
12,,5599,,,,,,2.7081613540649414,,,,,,,
12,,5609,,,,,,4.416802406311035,,,,,,,
12,,5619,,,,,,0.6298964023590088,,,,,,,
12,,5629,,,,,,2.765899658203125,,,,,,,
12,,5639,,,,,,2.445261240005493,,,,,,,
12,,5649,,,,,,6.9075446128845215,,,,,,,
12,,5659,,,,,,1.7913203239440918,,,,,,,
12,,5669,,,,,,1.6189225912094116,,,,,,,
12,,5679,,,,,,1.1923891305923462,,,,,,,
12,,5689,,,,,,2.894404172897339,,,,,,,
12,,5693,,,,,,,,,,3.6220552921295166,1.5440068244934082,0.44591066241264343,1.9031697511672974
12,,5693,,,,,2.5957958698272705,,1.278642177581787,0.5960721373558044,1.611147403717041,,,,
,0.0005,5694,,,,,,,,,,,,,
13,,5699,,,,,,0.43707162141799927,,,,,,,
13,,5709,,,,,,2.7620303630828857,,,,,,,
13,,5719,,,,,,2.048499584197998,,,,,,,
13,,5729,,,,,,3.54103422164917,,,,,,,
13,,5739,,,,,,2.88366961479187,,,,,,,
13,,5749,,,,,,1.3371632099151611,,,,,,,
13,,5759,,,,,,1.8934293985366821,,,,,,,
13,,5769,,,,,,1.4740614891052246,,,,,,,
13,,5779,,,,,,2.9566359519958496,,,,,,,
13,,5789,,,,,,0.7461425065994263,,,,,,,
13,,5799,,,,,,3.6881966590881348,,,,,,,
13,,5809,,,,,,3.5678601264953613,,,,,,,
13,,5819,,,,,,2.8494181632995605,,,,,,,
13,,5829,,,,,,2.2523193359375,,,,,,,
13,,5839,,,,,,3.22750186920166,,,,,,,
13,,5849,,,,,,1.113241195678711,,,,,,,
13,,5859,,,,,,2.0431675910949707,,,,,,,
13,,5869,,,,,,4.9514479637146,,,,,,,
13,,5879,,,,,,4.135403633117676,,,,,,,
13,,5889,,,,,,3.733523368835449,,,,,,,
13,,5899,,,,,,1.714951992034912,,,,,,,
13,,5909,,,,,,0.8517792224884033,,,,,,,
13,,5919,,,,,,0.9922792315483093,,,,,,,
13,,5929,,,,,,2.1237120628356934,,,,,,,
13,,5939,,,,,,1.2778112888336182,,,,,,,
13,,5949,,,,,,1.9024543762207031,,,,,,,
13,,5959,,,,,,2.868833303451538,,,,,,,
13,,5969,,,,,,3.5676803588867188,,,,,,,
13,,5979,,,,,,0.835623025894165,,,,,,,
13,,5989,,,,,,1.120974063873291,,,,,,,
13,,5999,,,,,,1.4350568056106567,,,,,,,
13,,6009,,,,,,2.183152198791504,,,,,,,
13,,6019,,,,,,2.612947463989258,,,,,,,
13,,6029,,,,,,2.836599826812744,,,,,,,
13,,6039,,,,,,3.2109389305114746,,,,,,,
13,,6049,,,,,,2.4545164108276367,,,,,,,
13,,6059,,,,,,3.4084343910217285,,,,,,,
13,,6069,,,,,,4.395974636077881,,,,,,,
13,,6079,,,,,,3.1069750785827637,,,,,,,
13,,6089,,,,,,2.0059635639190674,,,,,,,
13,,6099,,,,,,3.5403575897216797,,,,,,,
13,,6109,,,,,,3.1945648193359375,,,,,,,
13,,6119,,,,,,2.7306926250457764,,,,,,,
13,,6129,,,,,,3.6337943077087402,,,,,,,
13,,6131,,,,,,,,,,4.117852210998535,1.657002568244934,0.4050656855106354,2.0292491912841797
13,,6131,,,,,2.5515661239624023,,1.2731646299362183,0.6076812744140625,1.5973622798919678,,,,
,0.0005,6132,,,,,,,,,,,,,
14,,6139,,,,,,0.5737262964248657,,,,,,,
14,,6149,,,,,,2.3301942348480225,,,,,,,
14,,6159,,,,,,2.6392359733581543,,,,,,,
14,,6169,,,,,,0.6268115043640137,,,,,,,
14,,6179,,,,,,1.106773853302002,,,,,,,
14,,6189,,,,,,1.6379711627960205,,,,,,,
14,,6199,,,,,,2.7883622646331787,,,,,,,
14,,6209,,,,,,1.6691116094589233,,,,,,,
14,,6219,,,,,,1.3435560464859009,,,,,,,
14,,6229,,,,,,1.7390563488006592,,,,,,,
14,,6239,,,,,,2.01261830329895,,,,,,,
14,,6249,,,,,,3.5209174156188965,,,,,,,
14,,6259,,,,,,4.739860534667969,,,,,,,
14,,6269,,,,,,1.7874484062194824,,,,,,,
14,,6279,,,,,,2.5825395584106445,,,,,,,
14,,6289,,,,,,2.7192389965057373,,,,,,,
14,,6299,,,,,,0.443434476852417,,,,,,,
14,,6309,,,,,,4.551825523376465,,,,,,,
14,,6319,,,,,,1.5953718423843384,,,,,,,
14,,6329,,,,,,2.321967601776123,,,,,,,
14,,6339,,,,,,3.0469796657562256,,,,,,,
14,,6349,,,,,,3.1472034454345703,,,,,,,
14,,6359,,,,,,1.482222557067871,,,,,,,
14,,6369,,,,,,2.053016185760498,,,,,,,
14,,6379,,,,,,4.618619441986084,,,,,,,
14,,6389,,,,,,3.7410125732421875,,,,,,,
14,,6399,,,,,,0.8478223085403442,,,,,,,
14,,6409,,,,,,2.005510091781616,,,,,,,
14,,6419,,,,,,2.522858142852783,,,,,,,
14,,6429,,,,,,3.9409172534942627,,,,,,,
14,,6439,,,,,,2.080157995223999,,,,,,,
14,,6449,,,,,,2.0184059143066406,,,,,,,
14,,6459,,,,,,4.069980621337891,,,,,,,
14,,6469,,,,,,1.9368486404418945,,,,,,,
14,,6479,,,,,,3.3712685108184814,,,,,,,
14,,6489,,,,,,2.2007296085357666,,,,,,,
14,,6499,,,,,,5.387276649475098,,,,,,,
14,,6509,,,,,,1.285889983177185,,,,,,,
14,,6519,,,,,,4.548127174377441,,,,,,,
14,,6529,,,,,,1.083754301071167,,,,,,,
14,,6539,,,,,,3.842451572418213,,,,,,,
14,,6549,,,,,,0.8312277793884277,,,,,,,
14,,6559,,,,,,1.958988070487976,,,,,,,
14,,6569,,,,,,0.8874241709709167,,,,,,,
14,,6569,,,,,,,,,,3.88541579246521,1.620537281036377,0.39965924620628357,1.971145749092102
14,,6569,,,,,2.5023536682128906,,1.247267484664917,0.6158744692802429,1.5818829536437988,,,,
,0.0005,6570,,,,,,,,,,,,,
15,,6579,,,,,,4.037407875061035,,,,,,,
15,,6589,,,,,,1.9916746616363525,,,,,,,
15,,6599,,,,,,2.80108642578125,,,,,,,
15,,6609,,,,,,1.1295078992843628,,,,,,,
15,,6619,,,,,,1.601555347442627,,,,,,,
15,,6629,,,,,,3.5414505004882812,,,,,,,
15,,6639,,,,,,0.9785448908805847,,,,,,,
15,,6649,,,,,,3.1046996116638184,,,,,,,
15,,6659,,,,,,5.272756576538086,,,,,,,
15,,6669,,,,,,2.613341808319092,,,,,,,
15,,6679,,,,,,2.8200490474700928,,,,,,,
15,,6689,,,,,,1.8479998111724854,,,,,,,
15,,6699,,,,,,1.892106294631958,,,,,,,
15,,6709,,,,,,1.78123939037323,,,,,,,
15,,6719,,,,,,1.8717002868652344,,,,,,,
15,,6729,,,,,,5.362794876098633,,,,,,,
15,,6739,,,,,,4.125682830810547,,,,,,,
15,,6749,,,,,,2.9601528644561768,,,,,,,
15,,6759,,,,,,3.8613152503967285,,,,,,,
15,,6769,,,,,,1.5058691501617432,,,,,,,
15,,6779,,,,,,0.7695953845977783,,,,,,,
15,,6789,,,,,,0.9722409248352051,,,,,,,
15,,6799,,,,,,2.2807514667510986,,,,,,,
15,,6809,,,,,,0.901921272277832,,,,,,,
15,,6819,,,,,,1.7605621814727783,,,,,,,
15,,6829,,,,,,1.083056926727295,,,,,,,
15,,6839,,,,,,2.7601912021636963,,,,,,,
15,,6849,,,,,,1.8268351554870605,,,,,,,
15,,6859,,,,,,2.8493106365203857,,,,,,,
15,,6869,,,,,,3.7261438369750977,,,,,,,
15,,6879,,,,,,1.4290657043457031,,,,,,,
15,,6889,,,,,,0.7113772630691528,,,,,,,
15,,6899,,,,,,1.5344867706298828,,,,,,,
15,,6909,,,,,,2.4259536266326904,,,,,,,
15,,6919,,,,,,3.534975051879883,,,,,,,
15,,6929,,,,,,2.861734390258789,,,,,,,
15,,6939,,,,,,0.8646214604377747,,,,,,,
15,,6949,,,,,,1.487276554107666,,,,,,,
15,,6959,,,,,,2.045443058013916,,,,,,,
15,,6969,,,,,,3.056042194366455,,,,,,,
15,,6979,,,,,,1.1550642251968384,,,,,,,
15,,6989,,,,,,2.3891448974609375,,,,,,,
15,,6999,,,,,,0.6118738055229187,,,,,,,
15,,7007,,,,,,,,,,3.453465461730957,1.5236310958862305,0.381105899810791,1.858350157737732
15,,7007,,,,,2.4991369247436523,,1.259392261505127,0.6180832982063293,1.5808658599853516,,,,
,0.0005,7008,,,,,,,,,,,,,
16,,7009,,,,,,2.906704902648926,,,,,,,
16,,7019,,,,,,1.7746350765228271,,,,,,,
16,,7029,,,,,,2.426503896713257,,,,,,,
16,,7039,,,,,,3.080944538116455,,,,,,,
16,,7049,,,,,,1.474597454071045,,,,,,,
16,,7059,,,,,,2.5699658393859863,,,,,,,
16,,7069,,,,,,3.857792377471924,,,,,,,
16,,7079,,,,,,1.5665619373321533,,,,,,,
16,,7089,,,,,,0.730432391166687,,,,,,,
16,,7099,,,,,,0.5442516803741455,,,,,,,
16,,7109,,,,,,3.454944610595703,,,,,,,
16,,7119,,,,,,4.20137882232666,,,,,,,
16,,7129,,,,,,0.9918615818023682,,,,,,,
16,,7139,,,,,,2.3702988624572754,,,,,,,
16,,7149,,,,,,1.0192943811416626,,,,,,,
16,,7159,,,,,,2.7113640308380127,,,,,,,
16,,7169,,,,,,3.490556240081787,,,,,,,
16,,7179,,,,,,2.6033387184143066,,,,,,,
16,,7189,,,,,,4.303344249725342,,,,,,,
16,,7199,,,,,,4.162252426147461,,,,,,,
16,,7209,,,,,,5.569045066833496,,,,,,,
16,,7219,,,,,,1.3994232416152954,,,,,,,
16,,7229,,,,,,1.7397422790527344,,,,,,,
16,,7239,,,,,,5.699724197387695,,,,,,,
16,,7249,,,,,,2.0163187980651855,,,,,,,
16,,7259,,,,,,2.368284225463867,,,,,,,
16,,7269,,,,,,1.6580291986465454,,,,,,,
16,,7279,,,,,,1.6180546283721924,,,,,,,
16,,7289,,,,,,4.119419097900391,,,,,,,
16,,7299,,,,,,2.1539788246154785,,,,,,,
16,,7309,,,,,,0.8612551689147949,,,,,,,
16,,7319,,,,,,5.1621551513671875,,,,,,,
16,,7329,,,,,,2.2762248516082764,,,,,,,
16,,7339,,,,,,4.708496570587158,,,,,,,
16,,7349,,,,,,1.6668624877929688,,,,,,,
16,,7359,,,,,,0.7873712182044983,,,,,,,
16,,7369,,,,,,0.9242718815803528,,,,,,,
16,,7379,,,,,,2.504119396209717,,,,,,,
16,,7389,,,,,,1.5651566982269287,,,,,,,
16,,7399,,,,,,2.1333398818969727,,,,,,,
16,,7409,,,,,,2.5946905612945557,,,,,,,
16,,7419,,,,,,3.156675338745117,,,,,,,
16,,7429,,,,,,2.3966941833496094,,,,,,,
16,,7439,,,,,,3.203068733215332,,,,,,,
16,,7445,,,,,,,,,,3.2520408630371094,1.4408491849899292,0.4363807737827301,1.8033416271209717
16,,7445,,,,,2.4291584491729736,,1.238580584526062,0.6287887692451477,1.5585757493972778,,,,
,0.0005,7446,,,,,,,,,,,,,
17,,7449,,,,,,4.077418327331543,,,,,,,
17,,7459,,,,,,7.319799423217773,,,,,,,
17,,7469,,,,,,4.391408920288086,,,,,,,
17,,7479,,,,,,4.0039963722229,,,,,,,
17,,7489,,,,,,3.224018096923828,,,,,,,
17,,7499,,,,,,2.86586594581604,,,,,,,
17,,7509,,,,,,1.1922142505645752,,,,,,,
17,,7519,,,,,,3.113114833831787,,,,,,,
17,,7529,,,,,,2.291684627532959,,,,,,,
17,,7539,,,,,,1.3866677284240723,,,,,,,
17,,7549,,,,,,0.623551607131958,,,,,,,
17,,7559,,,,,,1.5835052728652954,,,,,,,
17,,7569,,,,,,3.0866475105285645,,,,,,,
17,,7579,,,,,,2.0633974075317383,,,,,,,
17,,7589,,,,,,3.2868196964263916,,,,,,,
17,,7599,,,,,,1.2148923873901367,,,,,,,
17,,7609,,,,,,1.0570077896118164,,,,,,,
17,,7619,,,,,,2.574124336242676,,,,,,,
17,,7629,,,,,,4.431784629821777,,,,,,,
17,,7639,,,,,,4.738089561462402,,,,,,,
17,,7649,,,,,,0.9860378503799438,,,,,,,
17,,7659,,,,,,1.3529597520828247,,,,,,,
17,,7669,,,,,,2.7366597652435303,,,,,,,
17,,7679,,,,,,5.80834436416626,,,,,,,
17,,7689,,,,,,1.369871735572815,,,,,,,
17,,7699,,,,,,1.898740530014038,,,,,,,
17,,7709,,,,,,2.8230555057525635,,,,,,,
17,,7719,,,,,,0.6796914339065552,,,,,,,
17,,7729,,,,,,1.7382222414016724,,,,,,,
17,,7739,,,,,,3.698507785797119,,,,,,,
17,,7749,,,,,,0.8020552396774292,,,,,,,
17,,7759,,,,,,0.9685701131820679,,,,,,,
17,,7769,,,,,,2.883681297302246,,,,,,,
17,,7779,,,,,,5.606551170349121,,,,,,,
17,,7789,,,,,,2.9603915214538574,,,,,,,
17,,7799,,,,,,2.0809953212738037,,,,,,,
17,,7809,,,,,,2.9357404708862305,,,,,,,
17,,7819,,,,,,2.6667768955230713,,,,,,,
17,,7829,,,,,,2.915844202041626,,,,,,,
17,,7839,,,,,,4.607573986053467,,,,,,,
17,,7849,,,,,,2.1177425384521484,,,,,,,
17,,7859,,,,,,2.61977481842041,,,,,,,
17,,7869,,,,,,1.9860572814941406,,,,,,,
17,,7879,,,,,,5.084650993347168,,,,,,,
17,,7883,,,,,,,,,,3.2887978553771973,1.4536712169647217,0.47438573837280273,1.8135043382644653
17,,7883,,,,,2.462303638458252,,1.240822196006775,0.6252781748771667,1.5691728591918945,,,,
,0.0005,7884,,,,,,,,,,,,,
18,,7889,,,,,,3.2094836235046387,,,,,,,
18,,7899,,,,,,1.8976662158966064,,,,,,,
18,,7909,,,,,,1.6361768245697021,,,,,,,
18,,7919,,,,,,2.1429083347320557,,,,,,,
18,,7929,,,,,,2.3101212978363037,,,,,,,
18,,7939,,,,,,3.4368221759796143,,,,,,,
18,,7949,,,,,,2.1509859561920166,,,,,,,
18,,7959,,,,,,1.7689011096954346,,,,,,,
18,,7969,,,,,,2.0930423736572266,,,,,,,
18,,7979,,,,,,1.425977349281311,,,,,,,
18,,7989,,,,,,1.7985605001449585,,,,,,,
18,,7999,,,,,,1.6128740310668945,,,,,,,
18,,8009,,,,,,3.1612911224365234,,,,,,,
18,,8019,,,,,,3.971823215484619,,,,,,,
18,,8029,,,,,,2.5347862243652344,,,,,,,
18,,8039,,,,,,0.6680905818939209,,,,,,,
18,,8049,,,,,,3.908061981201172,,,,,,,
18,,8059,,,,,,2.770590305328369,,,,,,,
18,,8069,,,,,,1.0001804828643799,,,,,,,
18,,8079,,,,,,2.906576633453369,,,,,,,
18,,8089,,,,,,3.282482147216797,,,,,,,
18,,8099,,,,,,1.4207788705825806,,,,,,,
18,,8109,,,,,,2.4856839179992676,,,,,,,
18,,8119,,,,,,1.4294211864471436,,,,,,,
18,,8129,,,,,,3.9551172256469727,,,,,,,
18,,8139,,,,,,2.2808783054351807,,,,,,,
18,,8149,,,,,,3.077760696411133,,,,,,,
18,,8159,,,,,,5.692538738250732,,,,,,,
18,,8169,,,,,,3.2191834449768066,,,,,,,
18,,8179,,,,,,1.1131248474121094,,,,,,,
18,,8189,,,,,,1.6491903066635132,,,,,,,
18,,8199,,,,,,1.9106333255767822,,,,,,,
18,,8209,,,,,,3.3431804180145264,,,,,,,
18,,8219,,,,,,0.9058986902236938,,,,,,,
18,,8229,,,,,,1.2159390449523926,,,,,,,
18,,8239,,,,,,2.2029340267181396,,,,,,,
18,,8249,,,,,,2.4339966773986816,,,,,,,
18,,8259,,,,,,3.374943733215332,,,,,,,
18,,8269,,,,,,2.1399309635162354,,,,,,,
18,,8279,,,,,,2.2069923877716064,,,,,,,
18,,8289,,,,,,1.2434699535369873,,,,,,,
18,,8299,,,,,,2.086304187774658,,,,,,,
18,,8309,,,,,,1.2740485668182373,,,,,,,
18,,8319,,,,,,1.5034195184707642,,,,,,,
18,,8321,,,,,,,,,,3.383113145828247,1.4787240028381348,0.40715181827545166,1.8393241167068481
18,,8321,,,,,2.4225411415100098,,1.2314141988754272,0.631129264831543,1.556451439857483,,,,
,0.0005,8322,,,,,,,,,,,,,
19,,8329,,,,,,5.01182746887207,,,,,,,
19,,8339,,,,,,0.7384753227233887,,,,,,,
19,,8349,,,,,,1.1557503938674927,,,,,,,
19,,8359,,,,,,3.819631576538086,,,,,,,
19,,8369,,,,,,2.2558460235595703,,,,,,,
19,,8379,,,,,,3.558907985687256,,,,,,,
19,,8389,,,,,,1.78061842918396,,,,,,,
19,,8399,,,,,,1.9911803007125854,,,,,,,
19,,8409,,,,,,2.1347804069519043,,,,,,,
19,,8419,,,,,,4.418152809143066,,,,,,,
19,,8429,,,,,,3.529810905456543,,,,,,,
19,,8439,,,,,,1.556371808052063,,,,,,,
19,,8449,,,,,,4.169950485229492,,,,,,,
19,,8459,,,,,,1.5398800373077393,,,,,,,
19,,8469,,,,,,1.4916661977767944,,,,,,,
19,,8479,,,,,,3.3235325813293457,,,,,,,
19,,8489,,,,,,1.0986404418945312,,,,,,,
19,,8499,,,,,,3.5593295097351074,,,,,,,
19,,8509,,,,,,2.465167760848999,,,,,,,
19,,8519,,,,,,2.751437187194824,,,,,,,
19,,8529,,,,,,1.1455670595169067,,,,,,,
19,,8539,,,,,,2.531252384185791,,,,,,,
19,,8549,,,,,,1.7005157470703125,,,,,,,
19,,8559,,,,,,2.9592466354370117,,,,,,,
19,,8569,,,,,,1.9296610355377197,,,,,,,
19,,8579,,,,,,5.258960723876953,,,,,,,
19,,8589,,,,,,2.4197871685028076,,,,,,,
19,,8599,,,,,,1.8684606552124023,,,,,,,
19,,8609,,,,,,1.1781971454620361,,,,,,,
19,,8619,,,,,,4.880471706390381,,,,,,,
19,,8629,,,,,,3.584040880203247,,,,,,,
19,,8639,,,,,,4.530125141143799,,,,,,,
19,,8649,,,,,,1.4871405363082886,,,,,,,
19,,8659,,,,,,1.173290729522705,,,,,,,
19,,8669,,,,,,1.8845480680465698,,,,,,,
19,,8679,,,,,,1.4118683338165283,,,,,,,
19,,8689,,,,,,1.3274099826812744,,,,,,,
19,,8699,,,,,,3.5124547481536865,,,,,,,
19,,8709,,,,,,3.9965994358062744,,,,,,,
19,,8719,,,,,,0.8741356134414673,,,,,,,
19,,8729,,,,,,1.7237350940704346,,,,,,,
19,,8739,,,,,,2.9505250453948975,,,,,,,
19,,8749,,,,,,2.8607451915740967,,,,,,,
19,,8759,,,,,,2.212761878967285,,,,,,,
19,,8759,,,,,,,,,,3.5252790451049805,1.53141188621521,0.42652627825737,1.8775726556777954
19,,8759,,,,,2.3370323181152344,,1.2139276266098022,0.6471893787384033,1.5287355184555054,,,,
,0.0005,8760,,,,,,,,,,,,,
20,,8769,,,,,,0.5147203207015991,,,,,,,
20,,8779,,,,,,3.8093533515930176,,,,,,,
20,,8789,,,,,,1.0439445972442627,,,,,,,
20,,8799,,,,,,1.39760160446167,,,,,,,
20,,8809,,,,,,1.8035268783569336,,,,,,,
20,,8819,,,,,,3.220522165298462,,,,,,,
20,,8829,,,,,,2.604065418243408,,,,,,,
20,,8839,,,,,,4.0566182136535645,,,,,,,
20,,8849,,,,,,5.173548698425293,,,,,,,
20,,8859,,,,,,1.975691318511963,,,,,,,
20,,8869,,,,,,2.0540666580200195,,,,,,,
20,,8879,,,,,,1.7531574964523315,,,,,,,
20,,8889,,,,,,4.050646781921387,,,,,,,
20,,8899,,,,,,2.888123035430908,,,,,,,
20,,8909,,,,,,2.4484572410583496,,,,,,,
20,,8919,,,,,,2.2596020698547363,,,,,,,
20,,8929,,,,,,2.6148715019226074,,,,,,,
20,,8939,,,,,,1.5998971462249756,,,,,,,
20,,8949,,,,,,1.2395565509796143,,,,,,,
20,,8959,,,,,,2.3769431114196777,,,,,,,
20,,8969,,,,,,1.4525871276855469,,,,,,,
20,,8979,,,,,,2.3184404373168945,,,,,,,
20,,8989,,,,,,2.229397773742676,,,,,,,
20,,8999,,,,,,2.7781822681427,,,,,,,
20,,9009,,,,,,3.848783016204834,,,,,,,
20,,9019,,,,,,3.1816935539245605,,,,,,,
20,,9029,,,,,,4.302332401275635,,,,,,,
20,,9039,,,,,,2.431915760040283,,,,,,,
20,,9049,,,,,,2.367234945297241,,,,,,,
20,,9059,,,,,,1.9771027565002441,,,,,,,
20,,9069,,,,,,4.784251689910889,,,,,,,
20,,9079,,,,,,1.1353702545166016,,,,,,,
20,,9089,,,,,,1.9492650032043457,,,,,,,
20,,9099,,,,,,1.58937668800354,,,,,,,
20,,9109,,,,,,1.8377766609191895,,,,,,,
20,,9119,,,,,,2.0986008644104004,,,,,,,
20,,9129,,,,,,2.2566580772399902,,,,,,,
20,,9139,,,,,,2.6565792560577393,,,,,,,
20,,9149,,,,,,1.1096086502075195,,,,,,,
20,,9159,,,,,,2.9433038234710693,,,,,,,
20,,9169,,,,,,1.7479240894317627,,,,,,,
20,,9179,,,,,,2.049135684967041,,,,,,,
20,,9189,,,,,,4.765851020812988,,,,,,,
20,,9197,,,,,,,,,,3.3822848796844482,1.4931013584136963,0.43301644921302795,1.8390989303588867
20,,9197,,,,,2.2918243408203125,,1.2029719352722168,0.6548978686332703,1.513877272605896,,,,
,0.0005,9198,,,,,,,,,,,,,
21,,9199,,,,,,0.9465503692626953,,,,,,,
21,,9209,,,,,,2.5052051544189453,,,,,,,
21,,9219,,,,,,1.5454992055892944,,,,,,,
21,,9229,,,,,,3.226125717163086,,,,,,,
21,,9239,,,,,,4.282188892364502,,,,,,,
21,,9249,,,,,,1.2329161167144775,,,,,,,
21,,9259,,,,,,2.805269241333008,,,,,,,
21,,9269,,,,,,2.3364486694335938,,,,,,,
21,,9279,,,,,,1.7237571477890015,,,,,,,
21,,9289,,,,,,1.818514108657837,,,,,,,
21,,9299,,,,,,1.2807729244232178,,,,,,,
21,,9309,,,,,,3.3232195377349854,,,,,,,
21,,9319,,,,,,1.9037184715270996,,,,,,,
21,,9329,,,,,,2.4875407218933105,,,,,,,
21,,9339,,,,,,2.630392551422119,,,,,,,
21,,9349,,,,,,1.6734294891357422,,,,,,,
21,,9359,,,,,,2.8326404094696045,,,,,,,
21,,9369,,,,,,6.646825790405273,,,,,,,
21,,9379,,,,,,2.348785877227783,,,,,,,
21,,9389,,,,,,3.124829053878784,,,,,,,
21,,9399,,,,,,3.1652400493621826,,,,,,,
21,,9409,,,,,,2.515995740890503,,,,,,,
21,,9419,,,,,,3.8203721046447754,,,,,,,
21,,9429,,,,,,3.0565693378448486,,,,,,,
21,,9439,,,,,,2.86857533454895,,,,,,,
21,,9449,,,,,,2.0139424800872803,,,,,,,
21,,9459,,,,,,5.859527587890625,,,,,,,
21,,9469,,,,,,1.7871119976043701,,,,,,,
21,,9479,,,,,,3.382600784301758,,,,,,,
21,,9489,,,,,,1.511507511138916,,,,,,,
21,,9499,,,,,,2.6299474239349365,,,,,,,
21,,9509,,,,,,2.059837818145752,,,,,,,
21,,9519,,,,,,0.8212922811508179,,,,,,,
21,,9529,,,,,,3.133847236633301,,,,,,,
21,,9539,,,,,,2.493844985961914,,,,,,,
21,,9549,,,,,,4.686557292938232,,,,,,,
21,,9559,,,,,,0.5567509531974792,,,,,,,
21,,9569,,,,,,1.6089870929718018,,,,,,,
21,,9579,,,,,,3.2495503425598145,,,,,,,
21,,9589,,,,,,2.178872585296631,,,,,,,
21,,9599,,,,,,1.5295979976654053,,,,,,,
21,,9609,,,,,,2.039832592010498,,,,,,,
21,,9619,,,,,,0.26583215594291687,,,,,,,
21,,9629,,,,,,6.002048492431641,,,,,,,
21,,9635,,,,,,,,,,3.2404415607452393,1.4350610971450806,0.4586253762245178,1.800122618675232
21,,9635,,,,,2.3175671100616455,,1.2018249034881592,0.6516442894935608,1.5223557949066162,,,,
,0.0005,9636,,,,,,,,,,,,,
22,,9639,,,,,,2.330763339996338,,,,,,,
22,,9649,,,,,,0.6437326073646545,,,,,,,
22,,9659,,,,,,1.351637601852417,,,,,,,
22,,9669,,,,,,1.0829691886901855,,,,,,,
22,,9679,,,,,,0.8820093274116516,,,,,,,
22,,9689,,,,,,0.9848980903625488,,,,,,,
22,,9699,,,,,,3.23222017288208,,,,,,,
22,,9709,,,,,,2.087555408477783,,,,,,,
22,,9719,,,,,,1.7413283586502075,,,,,,,
22,,9729,,,,,,2.2086386680603027,,,,,,,
22,,9739,,,,,,4.141307830810547,,,,,,,
22,,9749,,,,,,1.395351529121399,,,,,,,
22,,9759,,,,,,1.8510382175445557,,,,,,,
22,,9769,,,,,,2.269041061401367,,,,,,,
22,,9779,,,,,,1.111798882484436,,,,,,,
22,,9789,,,,,,1.538913369178772,,,,,,,
22,,9799,,,,,,2.47767972946167,,,,,,,
22,,9809,,,,,,1.1823294162750244,,,,,,,
22,,9819,,,,,,1.1961199045181274,,,,,,,
22,,9829,,,,,,2.4138455390930176,,,,,,,
22,,9839,,,,,,4.211289405822754,,,,,,,
22,,9849,,,,,,2.2964484691619873,,,,,,,
22,,9859,,,,,,1.9127057790756226,,,,,,,
22,,9869,,,,,,2.4878220558166504,,,,,,,
22,,9879,,,,,,1.7449666261672974,,,,,,,
22,,9889,,,,,,6.846745491027832,,,,,,,
22,,9899,,,,,,1.4626885652542114,,,,,,,
22,,9909,,,,,,1.791202425956726,,,,,,,
22,,9919,,,,,,3.9407708644866943,,,,,,,
22,,9929,,,,,,1.1368604898452759,,,,,,,
22,,9939,,,,,,1.1245468854904175,,,,,,,
22,,9949,,,,,,3.861177921295166,,,,,,,
22,,9959,,,,,,2.1842904090881348,,,,,,,
22,,9969,,,,,,0.4888760447502136,,,,,,,
22,,9979,,,,,,6.717701435089111,,,,,,,
22,,9989,,,,,,1.996835470199585,,,,,,,
22,,9999,,,,,,2.657022476196289,,,,,,,
22,,10009,,,,,,1.077472448348999,,,,,,,
22,,10019,,,,,,0.6954857110977173,,,,,,,
22,,10029,,,,,,1.4653027057647705,,,,,,,
22,,10039,,,,,,3.7586090564727783,,,,,,,
22,,10049,,,,,,3.37481689453125,,,,,,,
22,,10059,,,,,,1.477391004562378,,,,,,,
22,,10069,,,,,,3.480191230773926,,,,,,,
22,,10073,,,,,,,,,,3.5966403484344482,1.533486247062683,0.4252431094646454,1.8964810371398926
22,,10073,,,,,2.2991714477539062,,1.2010934352874756,0.6543354988098145,1.5163018703460693,,,,
,0.0005,10074,,,,,,,,,,,,,
23,,10079,,,,,,2.8278961181640625,,,,,,,
23,,10089,,,,,,2.992222785949707,,,,,,,
23,,10099,,,,,,1.8571839332580566,,,,,,,
23,,10109,,,,,,1.0275143384933472,,,,,,,
23,,10119,,,,,,1.238759994506836,,,,,,,
23,,10129,,,,,,0.5717722773551941,,,,,,,
23,,10139,,,,,,2.265751838684082,,,,,,,
23,,10149,,,,,,1.5129613876342773,,,,,,,
23,,10159,,,,,,2.720764398574829,,,,,,,
23,,10169,,,,,,1.117162823677063,,,,,,,
23,,10179,,,,,,3.0385568141937256,,,,,,,
23,,10189,,,,,,5.675039291381836,,,,,,,
23,,10199,,,,,,3.7061007022857666,,,,,,,
23,,10209,,,,,,1.6331335306167603,,,,,,,
23,,10219,,,,,,1.4407317638397217,,,,,,,
23,,10229,,,,,,0.9415408968925476,,,,,,,
23,,10239,,,,,,4.06568717956543,,,,,,,
23,,10249,,,,,,4.306723594665527,,,,,,,
23,,10259,,,,,,2.8195016384124756,,,,,,,
23,,10269,,,,,,5.576488971710205,,,,,,,
23,,10279,,,,,,1.1694363355636597,,,,,,,
23,,10289,,,,,,1.7879304885864258,,,,,,,
23,,10299,,,,,,2.803276300430298,,,,,,,
23,,10309,,,,,,2.9714748859405518,,,,,,,
23,,10319,,,,,,2.3640518188476562,,,,,,,
23,,10329,,,,,,0.7757889032363892,,,,,,,
23,,10339,,,,,,2.4616942405700684,,,,,,,
23,,10349,,,,,,1.1033515930175781,,,,,,,
23,,10359,,,,,,2.0165138244628906,,,,,,,
23,,10369,,,,,,1.5440359115600586,,,,,,,
23,,10379,,,,,,1.0680102109909058,,,,,,,
23,,10389,,,,,,1.2072227001190186,,,,,,,
23,,10399,,,,,,2.851231098175049,,,,,,,
23,,10409,,,,,,1.7368388175964355,,,,,,,
23,,10419,,,,,,2.2769412994384766,,,,,,,
23,,10429,,,,,,2.1255931854248047,,,,,,,
23,,10439,,,,,,3.1569437980651855,,,,,,,
23,,10449,,,,,,2.8605751991271973,,,,,,,
23,,10459,,,,,,2.5536351203918457,,,,,,,
23,,10469,,,,,,2.7682371139526367,,,,,,,
23,,10479,,,,,,2.3866219520568848,,,,,,,
23,,10489,,,,,,2.780588150024414,,,,,,,
23,,10499,,,,,,2.6968908309936523,,,,,,,
23,,10509,,,,,,1.425939679145813,,,,,,,
23,,10511,,,,,,,,,,3.1939611434936523,1.438073992729187,0.4524695575237274,1.787165641784668
23,,10511,,,,,2.336941719055176,,1.2090544700622559,0.6482294201850891,1.5287059545516968,,,,
,0.0005,10512,,,,,,,,,,,,,
24,,10519,,,,,,5.8254780769348145,,,,,,,
24,,10529,,,,,,1.091539978981018,,,,,,,
24,,10539,,,,,,2.515409469604492,,,,,,,
24,,10549,,,,,,2.80452299118042,,,,,,,
24,,10559,,,,,,2.8212664127349854,,,,,,,
24,,10569,,,,,,2.6646881103515625,,,,,,,
24,,10579,,,,,,1.6910291910171509,,,,,,,
24,,10589,,,,,,0.8868662118911743,,,,,,,
24,,10599,,,,,,2.5427675247192383,,,,,,,
24,,10609,,,,,,2.6705503463745117,,,,,,,
24,,10619,,,,,,0.7992829084396362,,,,,,,
24,,10629,,,,,,2.0647478103637695,,,,,,,
24,,10639,,,,,,1.3304407596588135,,,,,,,
24,,10649,,,,,,1.2851418256759644,,,,,,,
24,,10659,,,,,,2.400529384613037,,,,,,,
24,,10669,,,,,,4.351335525512695,,,,,,,
24,,10679,,,,,,0.9705471992492676,,,,,,,
24,,10689,,,,,,2.362805128097534,,,,,,,
24,,10699,,,,,,4.141995906829834,,,,,,,
24,,10709,,,,,,0.8442846536636353,,,,,,,
24,,10719,,,,,,1.01963210105896,,,,,,,
24,,10729,,,,,,1.9298571348190308,,,,,,,
24,,10739,,,,,,0.7813979387283325,,,,,,,
24,,10749,,,,,,2.202164649963379,,,,,,,
24,,10759,,,,,,3.079241991043091,,,,,,,
24,,10769,,,,,,3.3697001934051514,,,,,,,
24,,10779,,,,,,2.6968092918395996,,,,,,,
24,,10789,,,,,,1.9392821788787842,,,,,,,
24,,10799,,,,,,2.1440417766571045,,,,,,,
24,,10809,,,,,,0.9295872449874878,,,,,,,
24,,10819,,,,,,1.8601951599121094,,,,,,,
24,,10829,,,,,,3.7708675861358643,,,,,,,
24,,10839,,,,,,2.258025646209717,,,,,,,
24,,10849,,,,,,3.420517683029175,,,,,,,
24,,10859,,,,,,1.7366198301315308,,,,,,,
24,,10869,,,,,,2.0889737606048584,,,,,,,
24,,10879,,,,,,2.444620132446289,,,,,,,
24,,10889,,,,,,2.1441192626953125,,,,,,,
24,,10899,,,,,,1.2915129661560059,,,,,,,
24,,10909,,,,,,2.376957893371582,,,,,,,
24,,10919,,,,,,1.2536489963531494,,,,,,,
24,,10929,,,,,,2.6386642456054688,,,,,,,
24,,10939,,,,,,0.575083315372467,,,,,,,
24,,10949,,,,,,0.581914484500885,,,,,,,
24,,10949,,,,,,,,,,3.2165777683258057,1.4307167530059814,0.45086145401000977,1.7934820652008057
24,,10949,,,,,2.3051366806030273,,1.201734185218811,0.6531352400779724,1.5182676315307617,,,,
,0.0005,10950,,,,,,,,,,,,,
25,,10959,,,,,,0.6990069150924683,,,,,,,
25,,10969,,,,,,2.141528606414795,,,,,,,
25,,10979,,,,,,1.5270442962646484,,,,,,,
25,,10989,,,,,,2.7209224700927734,,,,,,,
25,,10999,,,,,,2.330376386642456,,,,,,,
25,,11009,,,,,,1.7560701370239258,,,,,,,
25,,11019,,,,,,1.4943609237670898,,,,,,,
25,,11029,,,,,,4.736944198608398,,,,,,,
25,,11039,,,,,,1.3611717224121094,,,,,,,
25,,11049,,,,,,2.516113758087158,,,,,,,
25,,11059,,,,,,2.299609899520874,,,,,,,
25,,11069,,,,,,2.90126371383667,,,,,,,
25,,11079,,,,,,5.615190505981445,,,,,,,
25,,11089,,,,,,2.960758686065674,,,,,,,
25,,11099,,,,,,1.5149290561676025,,,,,,,
25,,11109,,,,,,1.222172498703003,,,,,,,
25,,11119,,,,,,2.681425094604492,,,,,,,
25,,11129,,,,,,2.8668107986450195,,,,,,,
25,,11139,,,,,,2.0838637351989746,,,,,,,
25,,11149,,,,,,3.7794461250305176,,,,,,,
25,,11159,,,,,,1.0215002298355103,,,,,,,
25,,11169,,,,,,3.632472515106201,,,,,,,
25,,11179,,,,,,1.5594755411148071,,,,,,,
25,,11189,,,,,,3.7071642875671387,,,,,,,
25,,11199,,,,,,1.2645537853240967,,,,,,,
25,,11209,,,,,,3.220369338989258,,,,,,,
25,,11219,,,,,,0.5539814829826355,,,,,,,
25,,11229,,,,,,3.309373378753662,,,,,,,
25,,11239,,,,,,3.637845516204834,,,,,,,
25,,11249,,,,,,1.841207504272461,,,,,,,
25,,11259,,,,,,2.723106861114502,,,,,,,
25,,11269,,,,,,2.6402909755706787,,,,,,,
25,,11279,,,,,,1.3232102394104004,,,,,,,
25,,11289,,,,,,4.402813911437988,,,,,,,
25,,11299,,,,,,2.4026689529418945,,,,,,,
25,,11309,,,,,,4.0516157150268555,,,,,,,
25,,11319,,,,,,2.7533864974975586,,,,,,,
25,,11329,,,,,,5.351439952850342,,,,,,,
25,,11339,,,,,,1.0907126665115356,,,,,,,
25,,11349,,,,,,1.4011125564575195,,,,,,,
25,,11359,,,,,,1.1027660369873047,,,,,,,
25,,11369,,,,,,2.8879427909851074,,,,,,,
25,,11379,,,,,,1.0892069339752197,,,,,,,
25,,11387,,,,,,,,,,3.3925483226776123,1.4968305826187134,0.4369800388813019,1.84188711643219
25,,11387,,,,,2.31819224357605,,1.1968612670898438,0.6496605277061462,1.5225610733032227,,,,
,0.0005,11388,,,,,,,,,,,,,
26,,11389,,,,,,3.340933084487915,,,,,,,
26,,11399,,,,,,0.760793149471283,,,,,,,
26,,11409,,,,,,3.5359551906585693,,,,,,,
26,,11419,,,,,,2.6398191452026367,,,,,,,
26,,11429,,,,,,4.664052963256836,,,,,,,
26,,11439,,,,,,2.8207688331604004,,,,,,,
26,,11449,,,,,,1.1039988994598389,,,,,,,
26,,11459,,,,,,1.916462779045105,,,,,,,
26,,11469,,,,,,2.0085978507995605,,,,,,,
26,,11479,,,,,,3.11506986618042,,,,,,,
26,,11489,,,,,,1.0769972801208496,,,,,,,
26,,11499,,,,,,2.829407215118408,,,,,,,
26,,11509,,,,,,1.0931897163391113,,,,,,,
26,,11519,,,,,,5.51298189163208,,,,,,,
26,,11529,,,,,,2.9500815868377686,,,,,,,
26,,11539,,,,,,0.9290552735328674,,,,,,,
26,,11549,,,,,,2.67714524269104,,,,,,,
26,,11559,,,,,,2.8904757499694824,,,,,,,
26,,11569,,,,,,1.365886926651001,,,,,,,
26,,11579,,,,,,1.2689164876937866,,,,,,,
26,,11589,,,,,,2.2377264499664307,,,,,,,
26,,11599,,,,,,2.8668570518493652,,,,,,,
26,,11609,,,,,,3.347550392150879,,,,,,,
26,,11619,,,,,,1.7192344665527344,,,,,,,
26,,11629,,,,,,3.826632499694824,,,,,,,
26,,11639,,,,,,0.8431583642959595,,,,,,,
26,,11649,,,,,,1.685257911682129,,,,,,,
26,,11659,,,,,,3.244208812713623,,,,,,,
26,,11669,,,,,,1.7461895942687988,,,,,,,
26,,11679,,,,,,2.7152671813964844,,,,,,,
26,,11689,,,,,,1.7135915756225586,,,,,,,
26,,11699,,,,,,2.5707526206970215,,,,,,,
26,,11709,,,,,,4.22253942489624,,,,,,,
26,,11719,,,,,,0.6292226314544678,,,,,,,
26,,11729,,,,,,0.5368442535400391,,,,,,,
26,,11739,,,,,,2.3675270080566406,,,,,,,
26,,11749,,,,,,0.9705592393875122,,,,,,,
26,,11759,,,,,,2.1440563201904297,,,,,,,
26,,11769,,,,,,1.9792605638504028,,,,,,,
26,,11779,,,,,,2.409013509750366,,,,,,,
26,,11789,,,,,,1.2417967319488525,,,,,,,
26,,11799,,,,,,1.490001916885376,,,,,,,
26,,11809,,,,,,1.3953802585601807,,,,,,,
26,,11819,,,,,,3.2437548637390137,,,,,,,
26,,11825,,,,,,,,,,3.304976463317871,1.4638447761535645,0.42381033301353455,1.8179594278335571
26,,11825,,,,,2.247971296310425,,1.189698576927185,0.6632131338119507,1.4993236064910889,,,,
,0.0005,11826,,,,,,,,,,,,,
27,,11829,,,,,,1.733581304550171,,,,,,,
27,,11839,,,,,,0.472638875246048,,,,,,,
27,,11849,,,,,,3.3975040912628174,,,,,,,
27,,11859,,,,,,1.3009718656539917,,,,,,,
27,,11869,,,,,,1.5859750509262085,,,,,,,
27,,11879,,,,,,3.4147627353668213,,,,,,,
27,,11889,,,,,,1.801763653755188,,,,,,,
27,,11899,,,,,,2.5689730644226074,,,,,,,
27,,11909,,,,,,2.053359031677246,,,,,,,
27,,11919,,,,,,3.351851224899292,,,,,,,
27,,11929,,,,,,4.242785930633545,,,,,,,
27,,11939,,,,,,0.5663899183273315,,,,,,,
27,,11949,,,,,,3.2471976280212402,,,,,,,
27,,11959,,,,,,2.6068172454833984,,,,,,,
27,,11969,,,,,,2.8097453117370605,,,,,,,
27,,11979,,,,,,2.186079263687134,,,,,,,
27,,11989,,,,,,1.9674677848815918,,,,,,,
27,,11999,,,,,,1.710327386856079,,,,,,,
27,,12009,,,,,,1.324040412902832,,,,,,,
27,,12019,,,,,,1.7831141948699951,,,,,,,
27,,12029,,,,,,2.442805767059326,,,,,,,
27,,12039,,,,,,1.637644648551941,,,,,,,
27,,12049,,,,,,2.0927886962890625,,,,,,,
27,,12059,,,,,,4.390143394470215,,,,,,,
27,,12069,,,,,,1.7778760194778442,,,,,,,
27,,12079,,,,,,0.97647625207901,,,,,,,
27,,12089,,,,,,3.541350841522217,,,,,,,
27,,12099,,,,,,2.811123847961426,,,,,,,
27,,12109,,,,,,0.716589093208313,,,,,,,
27,,12119,,,,,,2.1296205520629883,,,,,,,
27,,12129,,,,,,1.8553805351257324,,,,,,,
27,,12139,,,,,,0.7974411845207214,,,,,,,
27,,12149,,,,,,0.6199918985366821,,,,,,,
27,,12159,,,,,,4.102300643920898,,,,,,,
27,,12169,,,,,,4.585139274597168,,,,,,,
27,,12179,,,,,,1.1650420427322388,,,,,,,
27,,12189,,,,,,1.6038352251052856,,,,,,,
27,,12199,,,,,,6.5552802085876465,,,,,,,
27,,12209,,,,,,3.4763567447662354,,,,,,,
27,,12219,,,,,,3.6168856620788574,,,,,,,
27,,12229,,,,,,2.0488407611846924,,,,,,,
27,,12239,,,,,,2.0714573860168457,,,,,,,
27,,12249,,,,,,2.0080695152282715,,,,,,,
27,,12259,,,,,,1.622705340385437,,,,,,,
27,,12263,,,,,,,,,,3.1090190410614014,1.4212182760238647,0.4742233455181122,1.7632410526275635
27,,12263,,,,,2.2639267444610596,,1.197386384010315,0.6620446443557739,1.5046350955963135,,,,
,0.0005,12264,,,,,,,,,,,,,
28,,12269,,,,,,1.0261507034301758,,,,,,,
28,,12279,,,,,,1.0068459510803223,,,,,,,
28,,12289,,,,,,1.0750805139541626,,,,,,,
28,,12299,,,,,,5.051765441894531,,,,,,,
28,,12309,,,,,,1.0871448516845703,,,,,,,
28,,12319,,,,,,1.9189231395721436,,,,,,,
28,,12329,,,,,,1.9717708826065063,,,,,,,
28,,12339,,,,,,0.680827796459198,,,,,,,
28,,12349,,,,,,2.4666271209716797,,,,,,,
28,,12359,,,,,,3.936400890350342,,,,,,,
28,,12369,,,,,,2.829413890838623,,,,,,,
28,,12379,,,,,,3.2055716514587402,,,,,,,
28,,12389,,,,,,1.5713835954666138,,,,,,,
28,,12399,,,,,,1.085052728652954,,,,,,,
28,,12409,,,,,,4.560636520385742,,,,,,,
28,,12419,,,,,,2.1599230766296387,,,,,,,
28,,12429,,,,,,0.4688897728919983,,,,,,,
28,,12439,,,,,,1.419224739074707,,,,,,,
28,,12449,,,,,,2.3915700912475586,,,,,,,
28,,12459,,,,,,2.9470808506011963,,,,,,,
28,,12469,,,,,,1.790024995803833,,,,,,,
28,,12479,,,,,,2.1722397804260254,,,,,,,
28,,12489,,,,,,4.4360857009887695,,,,,,,
28,,12499,,,,,,2.7074460983276367,,,,,,,
28,,12509,,,,,,3.767564535140991,,,,,,,
28,,12519,,,,,,2.7202539443969727,,,,,,,
28,,12529,,,,,,1.7180819511413574,,,,,,,
28,,12539,,,,,,2.415543556213379,,,,,,,
28,,12549,,,,,,2.0561609268188477,,,,,,,
28,,12559,,,,,,1.7253859043121338,,,,,,,
28,,12569,,,,,,1.9328982830047607,,,,,,,
28,,12579,,,,,,0.33315160870552063,,,,,,,
28,,12589,,,,,,0.7261566519737244,,,,,,,
28,,12599,,,,,,0.6742367148399353,,,,,,,
28,,12609,,,,,,0.7810001969337463,,,,,,,
28,,12619,,,,,,1.7231616973876953,,,,,,,
28,,12629,,,,,,2.858968734741211,,,,,,,
28,,12639,,,,,,1.7931627035140991,,,,,,,
28,,12649,,,,,,3.0284857749938965,,,,,,,
28,,12659,,,,,,2.0749945640563965,,,,,,,
28,,12669,,,,,,2.1058096885681152,,,,,,,
28,,12679,,,,,,0.7955377101898193,,,,,,,
28,,12689,,,,,,2.1214070320129395,,,,,,,
28,,12699,,,,,,5.01922082901001,,,,,,,
28,,12701,,,,,,,,,,3.941131114959717,1.6319100856781006,0.3671974837779999,1.985228180885315
28,,12701,,,,,2.21520733833313,,1.1765204668045044,0.6697700619697571,1.4883573055267334,,,,
,0.0005,12702,,,,,,,,,,,,,
29,,12709,,,,,,0.7722283601760864,,,,,,,
29,,12719,,,,,,2.262982130050659,,,,,,,
29,,12729,,,,,,4.344416618347168,,,,,,,
29,,12739,,,,,,1.1903541088104248,,,,,,,
29,,12749,,,,,,4.8781023025512695,,,,,,,
29,,12759,,,,,,2.2185330390930176,,,,,,,
29,,12769,,,,,,3.1041786670684814,,,,,,,
29,,12779,,,,,,2.638101100921631,,,,,,,
29,,12789,,,,,,1.024040699005127,,,,,,,
29,,12799,,,,,,1.5834413766860962,,,,,,,
29,,12809,,,,,,3.61860990524292,,,,,,,
29,,12819,,,,,,3.0142321586608887,,,,,,,
29,,12829,,,,,,2.437025785446167,,,,,,,
29,,12839,,,,,,3.6326475143432617,,,,,,,
29,,12849,,,,,,4.778163433074951,,,,,,,
29,,12859,,,,,,3.161322593688965,,,,,,,
29,,12869,,,,,,2.2950546741485596,,,,,,,
29,,12879,,,,,,2.2587480545043945,,,,,,,
29,,12889,,,,,,4.275388240814209,,,,,,,
29,,12899,,,,,,2.1413114070892334,,,,,,,
29,,12909,,,,,,4.171655654907227,,,,,,,
29,,12919,,,,,,1.691174030303955,,,,,,,
29,,12929,,,,,,1.6645816564559937,,,,,,,
29,,12939,,,,,,1.0679062604904175,,,,,,,
29,,12949,,,,,,2.0808796882629395,,,,,,,
29,,12959,,,,,,1.0785775184631348,,,,,,,
29,,12969,,,,,,0.6033405661582947,,,,,,,
29,,12979,,,,,,4.613718032836914,,,,,,,
29,,12989,,,,,,1.213099718093872,,,,,,,
29,,12999,,,,,,4.262609481811523,,,,,,,
29,,13009,,,,,,1.9209556579589844,,,,,,,
29,,13019,,,,,,3.706160306930542,,,,,,,
29,,13029,,,,,,2.081667423248291,,,,,,,
29,,13039,,,,,,1.7232948541641235,,,,,,,
29,,13049,,,,,,3.1341190338134766,,,,,,,
29,,13059,,,,,,3.0344979763031006,,,,,,,
29,,13069,,,,,,1.9525079727172852,,,,,,,
29,,13079,,,,,,0.8362071514129639,,,,,,,
29,,13089,,,,,,4.3907365798950195,,,,,,,
29,,13099,,,,,,1.0645828247070312,,,,,,,
29,,13109,,,,,,1.982499361038208,,,,,,,
29,,13119,,,,,,1.405251145362854,,,,,,,
29,,13129,,,,,,1.1042089462280273,,,,,,,
29,,13139,,,,,,0.954218864440918,,,,,,,
29,,13139,,,,,,,,,,3.872042655944824,1.5891193151474,0.33184748888015747,1.9677506685256958
29,,13139,,,,,2.164846181869507,,1.1642873287200928,0.6789324879646301,1.471341609954834,,,,
,0.0005,13140,,,,,,,,,,,,,
30,,13149,,,,,,1.3443622589111328,,,,,,,
30,,13159,,,,,,2.46256160736084,,,,,,,
30,,13169,,,,,,2.3818321228027344,,,,,,,
30,,13179,,,,,,3.5137529373168945,,,,,,,
30,,13189,,,,,,2.663588523864746,,,,,,,
30,,13199,,,,,,1.9767251014709473,,,,,,,
30,,13209,,,,,,1.8204337358474731,,,,,,,
30,,13219,,,,,,3.5387253761291504,,,,,,,
30,,13229,,,,,,1.4532129764556885,,,,,,,
30,,13239,,,,,,1.316028356552124,,,,,,,
30,,13249,,,,,,1.455867886543274,,,,,,,
30,,13259,,,,,,3.470182418823242,,,,,,,
30,,13269,,,,,,1.6925735473632812,,,,,,,
30,,13279,,,,,,2.2937026023864746,,,,,,,
30,,13289,,,,,,2.794546127319336,,,,,,,
30,,13299,,,,,,1.517366647720337,,,,,,,
30,,13309,,,,,,3.088571548461914,,,,,,,
30,,13319,,,,,,4.741101264953613,,,,,,,
30,,13329,,,,,,2.2405452728271484,,,,,,,
30,,13339,,,,,,1.8153717517852783,,,,,,,
30,,13349,,,,,,0.6606886386871338,,,,,,,
30,,13359,,,,,,0.8938922882080078,,,,,,,
30,,13369,,,,,,2.7210187911987305,,,,,,,
30,,13379,,,,,,2.3711986541748047,,,,,,,
30,,13389,,,,,,0.6752198934555054,,,,,,,
30,,13399,,,,,,1.4465252161026,,,,,,,
30,,13409,,,,,,0.8675687313079834,,,,,,,
30,,13419,,,,,,2.0627236366271973,,,,,,,
30,,13429,,,,,,3.3580291271209717,,,,,,,
30,,13439,,,,,,0.6499143838882446,,,,,,,
30,,13449,,,,,,1.8422961235046387,,,,,,,
30,,13459,,,,,,7.448114395141602,,,,,,,
30,,13469,,,,,,0.79633629322052,,,,,,,
30,,13479,,,,,,4.134882926940918,,,,,,,
30,,13489,,,,,,2.2155799865722656,,,,,,,
30,,13499,,,,,,1.1225610971450806,,,,,,,
30,,13509,,,,,,1.559891700744629,,,,,,,
30,,13519,,,,,,2.4936225414276123,,,,,,,
30,,13529,,,,,,2.1274867057800293,,,,,,,
30,,13539,,,,,,2.5118980407714844,,,,,,,
30,,13549,,,,,,1.9959557056427002,,,,,,,
30,,13559,,,,,,2.205810070037842,,,,,,,
30,,13569,,,,,,1.9716085195541382,,,,,,,
30,,13577,,,,,,,,,,3.223417043685913,1.4366589784622192,0.44949108362197876,1.7953877449035645
30,,13577,,,,,2.160055637359619,,1.1695455312728882,0.6800970435142517,1.469712734222412,,,,
,0.0005,13578,,,,,,,,,,,,,
31,,13579,,,,,,3.9648332595825195,,,,,,,
31,,13589,,,,,,4.834255218505859,,,,,,,
31,,13599,,,,,,4.625723838806152,,,,,,,
31,,13609,,,,,,3.2520503997802734,,,,,,,
31,,13619,,,,,,0.6857324838638306,,,,,,,
31,,13629,,,,,,2.0342493057250977,,,,,,,
31,,13639,,,,,,1.5904356241226196,,,,,,,
31,,13649,,,,,,4.906675338745117,,,,,,,
31,,13659,,,,,,0.4676939845085144,,,,,,,
31,,13669,,,,,,1.418532371520996,,,,,,,
31,,13679,,,,,,1.5520083904266357,,,,,,,
31,,13689,,,,,,4.4851179122924805,,,,,,,
31,,13699,,,,,,1.7705845832824707,,,,,,,
31,,13709,,,,,,1.0130641460418701,,,,,,,
31,,13719,,,,,,1.8229339122772217,,,,,,,
31,,13729,,,,,,1.5217772722244263,,,,,,,
31,,13739,,,,,,1.702897310256958,,,,,,,
31,,13749,,,,,,1.9538286924362183,,,,,,,
31,,13759,,,,,,1.4332263469696045,,,,,,,
31,,13769,,,,,,2.880037784576416,,,,,,,
31,,13779,,,,,,2.516601324081421,,,,,,,
31,,13789,,,,,,1.3589818477630615,,,,,,,
31,,13799,,,,,,5.983236312866211,,,,,,,
31,,13809,,,,,,2.3843319416046143,,,,,,,
31,,13819,,,,,,0.24576660990715027,,,,,,,
31,,13829,,,,,,2.2314529418945312,,,,,,,
31,,13839,,,,,,1.971156358718872,,,,,,,
31,,13849,,,,,,2.1321282386779785,,,,,,,
31,,13859,,,,,,1.1650583744049072,,,,,,,
31,,13869,,,,,,4.466213703155518,,,,,,,
31,,13879,,,,,,1.7744169235229492,,,,,,,
31,,13889,,,,,,7.294376373291016,,,,,,,
31,,13899,,,,,,2.1077048778533936,,,,,,,
31,,13909,,,,,,2.1608195304870605,,,,,,,
31,,13919,,,,,,1.1250065565109253,,,,,,,
31,,13929,,,,,,0.4121306836605072,,,,,,,
31,,13939,,,,,,1.67470121383667,,,,,,,
31,,13949,,,,,,2.0941596031188965,,,,,,,
31,,13959,,,,,,3.7598650455474854,,,,,,,
31,,13969,,,,,,1.856743574142456,,,,,,,
31,,13979,,,,,,4.273750305175781,,,,,,,
31,,13989,,,,,,1.553321123123169,,,,,,,
31,,13999,,,,,,2.283294200897217,,,,,,,
31,,14009,,,,,,2.2210750579833984,,,,,,,
31,,14015,,,,,,,,,,3.3289120197296143,1.4780958890914917,0.45430147647857666,1.8245306015014648
31,,14015,,,,,2.16121244430542,,1.1690877676010132,0.6801624298095703,1.4701062440872192,,,,
,0.0005,14016,,,,,,,,,,,,,
32,,14019,,,,,,1.3782386779785156,,,,,,,
32,,14029,,,,,,4.10837459564209,,,,,,,
32,,14039,,,,,,3.094855785369873,,,,,,,
32,,14049,,,,,,1.6721916198730469,,,,,,,
32,,14059,,,,,,3.285405158996582,,,,,,,
32,,14069,,,,,,0.6888570785522461,,,,,,,
32,,14079,,,,,,3.091541290283203,,,,,,,
32,,14089,,,,,,1.9263331890106201,,,,,,,
32,,14099,,,,,,2.5880286693573,,,,,,,
32,,14109,,,,,,2.6888086795806885,,,,,,,
32,,14119,,,,,,2.041813850402832,,,,,,,
32,,14129,,,,,,2.7073171138763428,,,,,,,
32,,14139,,,,,,1.087964653968811,,,,,,,
32,,14149,,,,,,0.9304546117782593,,,,,,,
32,,14159,,,,,,2.2675533294677734,,,,,,,
32,,14169,,,,,,0.6244397163391113,,,,,,,
32,,14179,,,,,,2.559039354324341,,,,,,,
32,,14189,,,,,,4.288288116455078,,,,,,,
32,,14199,,,,,,4.003217697143555,,,,,,,
32,,14209,,,,,,1.2938021421432495,,,,,,,
32,,14219,,,,,,1.0433628559112549,,,,,,,
32,,14229,,,,,,5.823495388031006,,,,,,,
32,,14239,,,,,,1.8382718563079834,,,,,,,
32,,14249,,,,,,2.0787720680236816,,,,,,,
32,,14259,,,,,,3.488198757171631,,,,,,,
32,,14269,,,,,,2.309990406036377,,,,,,,
32,,14279,,,,,,1.527311086654663,,,,,,,
32,,14289,,,,,,1.5839896202087402,,,,,,,
32,,14299,,,,,,2.183835029602051,,,,,,,
32,,14309,,,,,,0.6105121970176697,,,,,,,
32,,14319,,,,,,1.8410042524337769,,,,,,,
32,,14329,,,,,,3.7914576530456543,,,,,,,
32,,14339,,,,,,2.403080701828003,,,,,,,
32,,14349,,,,,,1.323900580406189,,,,,,,
32,,14359,,,,,,5.009073257446289,,,,,,,
32,,14369,,,,,,1.495664119720459,,,,,,,
32,,14379,,,,,,0.43448570370674133,,,,,,,
32,,14389,,,,,,1.9241970777511597,,,,,,,
32,,14399,,,,,,2.40214467048645,,,,,,,
32,,14409,,,,,,2.876859426498413,,,,,,,
32,,14419,,,,,,1.8444240093231201,,,,,,,
32,,14429,,,,,,2.591477632522583,,,,,,,
32,,14439,,,,,,1.8681964874267578,,,,,,,
32,,14449,,,,,,2.5534753799438477,,,,,,,
32,,14453,,,,,,,,,,3.896716833114624,1.6279735565185547,0.42175838351249695,1.9740103483200073
32,,14453,,,,,2.0319671630859375,,1.1309198141098022,0.7023810744285583,1.4254708290100098,,,,
,0.0005,14454,,,,,,,,,,,,,
33,,14459,,,,,,2.571892499923706,,,,,,,
33,,14469,,,,,,2.6275815963745117,,,,,,,
33,,14479,,,,,,2.635803461074829,,,,,,,
33,,14489,,,,,,1.3865084648132324,,,,,,,
33,,14499,,,,,,1.6087887287139893,,,,,,,
33,,14509,,,,,,2.1059811115264893,,,,,,,
33,,14519,,,,,,2.0504207611083984,,,,,,,
33,,14529,,,,,,3.3220763206481934,,,,,,,
33,,14539,,,,,,1.7300909757614136,,,,,,,
33,,14549,,,,,,0.7871782779693604,,,,,,,
33,,14559,,,,,,1.4184566736221313,,,,,,,
33,,14569,,,,,,2.4105803966522217,,,,,,,
33,,14579,,,,,,2.375316858291626,,,,,,,
33,,14589,,,,,,3.887601852416992,,,,,,,
33,,14599,,,,,,0.26691144704818726,,,,,,,
33,,14609,,,,,,1.7926689386367798,,,,,,,
33,,14619,,,,,,1.5654038190841675,,,,,,,
33,,14629,,,,,,1.9014447927474976,,,,,,,
33,,14639,,,,,,2.4857754707336426,,,,,,,
33,,14649,,,,,,3.298358917236328,,,,,,,
33,,14659,,,,,,1.9651267528533936,,,,,,,
33,,14669,,,,,,0.7370452880859375,,,,,,,
33,,14679,,,,,,1.6391879320144653,,,,,,,
33,,14689,,,,,,0.690192699432373,,,,,,,
33,,14699,,,,,,4.716066837310791,,,,,,,
33,,14709,,,,,,3.4854769706726074,,,,,,,
33,,14719,,,,,,1.0985907316207886,,,,,,,
33,,14729,,,,,,1.3946019411087036,,,,,,,
33,,14739,,,,,,1.6436736583709717,,,,,,,
33,,14749,,,,,,0.9509059190750122,,,,,,,
33,,14759,,,,,,2.9738502502441406,,,,,,,
33,,14769,,,,,,2.6453404426574707,,,,,,,
33,,14779,,,,,,2.5667383670806885,,,,,,,
33,,14789,,,,,,3.948850631713867,,,,,,,
33,,14799,,,,,,2.6460986137390137,,,,,,,
33,,14809,,,,,,2.9019293785095215,,,,,,,
33,,14819,,,,,,1.2557029724121094,,,,,,,
33,,14829,,,,,,0.7278292775154114,,,,,,,
33,,14839,,,,,,2.403494119644165,,,,,,,
33,,14849,,,,,,3.3641419410705566,,,,,,,
33,,14859,,,,,,1.7470638751983643,,,,,,,
33,,14869,,,,,,1.5398571491241455,,,,,,,
33,,14879,,,,,,1.9363088607788086,,,,,,,
33,,14889,,,,,,1.2492029666900635,,,,,,,
33,,14891,,,,,,,,,,3.2217042446136475,1.4592947959899902,0.4583401679992676,1.7949106693267822
33,,14891,,,,,2.0941665172576904,,1.1477172374725342,0.6919564604759216,1.4471235275268555,,,,
,0.0005,14892,,,,,,,,,,,,,
34,,14899,,,,,,1.870025634765625,,,,,,,
34,,14909,,,,,,0.9861105680465698,,,,,,,
34,,14919,,,,,,1.4936325550079346,,,,,,,
34,,14929,,,,,,1.9668775796890259,,,,,,,
34,,14939,,,,,,1.9488134384155273,,,,,,,
34,,14949,,,,,,1.2284387350082397,,,,,,,
34,,14959,,,,,,1.695838212966919,,,,,,,
34,,14969,,,,,,0.8982495069503784,,,,,,,
34,,14979,,,,,,0.5757499933242798,,,,,,,
34,,14989,,,,,,2.4549217224121094,,,,,,,
34,,14999,,,,,,0.790836751461029,,,,,,,
34,,15009,,,,,,1.0117650032043457,,,,,,,
34,,15019,,,,,,2.130296230316162,,,,,,,
34,,15029,,,,,,1.6151618957519531,,,,,,,
34,,15039,,,,,,0.8506755232810974,,,,,,,
34,,15049,,,,,,1.481296181678772,,,,,,,
34,,15059,,,,,,1.127083659172058,,,,,,,
34,,15069,,,,,,0.8682515621185303,,,,,,,
34,,15079,,,,,,2.387704372406006,,,,,,,
34,,15089,,,,,,1.6773381233215332,,,,,,,
34,,15099,,,,,,1.6537384986877441,,,,,,,
34,,15109,,,,,,3.7254350185394287,,,,,,,
34,,15119,,,,,,4.100922107696533,,,,,,,
34,,15129,,,,,,2.647266387939453,,,,,,,
34,,15139,,,,,,2.6985538005828857,,,,,,,
34,,15149,,,,,,5.382971286773682,,,,,,,
34,,15159,,,,,,2.838486671447754,,,,,,,
34,,15169,,,,,,4.837677955627441,,,,,,,
34,,15179,,,,,,1.2141082286834717,,,,,,,
34,,15189,,,,,,2.7841763496398926,,,,,,,
34,,15199,,,,,,1.3282930850982666,,,,,,,
34,,15209,,,,,,2.7486424446105957,,,,,,,
34,,15219,,,,,,1.712738275527954,,,,,,,
34,,15229,,,,,,0.646291971206665,,,,,,,
34,,15239,,,,,,1.7364546060562134,,,,,,,
34,,15249,,,,,,3.039748191833496,,,,,,,
34,,15259,,,,,,3.4202616214752197,,,,,,,
34,,15269,,,,,,1.923293113708496,,,,,,,
34,,15279,,,,,,5.809821605682373,,,,,,,
34,,15289,,,,,,1.3493738174438477,,,,,,,
34,,15299,,,,,,2.347881317138672,,,,,,,
34,,15309,,,,,,2.6614761352539062,,,,,,,
34,,15319,,,,,,1.4123951196670532,,,,,,,
34,,15329,,,,,,1.4128756523132324,,,,,,,
34,,15329,,,,,,,,,,3.184520721435547,1.4275251626968384,0.45755717158317566,1.784522533416748
34,,15329,,,,,2.0882747173309326,,1.1482279300689697,0.6926073431968689,1.4450863599777222,,,,
,0.0005,15330,,,,,,,,,,,,,
35,,15339,,,,,,2.7795424461364746,,,,,,,
35,,15349,,,,,,0.9334807395935059,,,,,,,
35,,15359,,,,,,2.881119728088379,,,,,,,
35,,15369,,,,,,1.6426551342010498,,,,,,,
35,,15379,,,,,,2.135528326034546,,,,,,,
35,,15389,,,,,,1.0879848003387451,,,,,,,
35,,15399,,,,,,2.1912498474121094,,,,,,,
35,,15409,,,,,,0.7373926043510437,,,,,,,
35,,15419,,,,,,1.561399221420288,,,,,,,
35,,15429,,,,,,2.7562930583953857,,,,,,,
35,,15439,,,,,,1.003609538078308,,,,,,,
35,,15449,,,,,,3.0349817276000977,,,,,,,
35,,15459,,,,,,3.2052958011627197,,,,,,,
35,,15469,,,,,,1.8194186687469482,,,,,,,
35,,15479,,,,,,3.8431949615478516,,,,,,,
35,,15489,,,,,,3.384932041168213,,,,,,,
35,,15499,,,,,,6.5849480628967285,,,,,,,
35,,15509,,,,,,2.950322151184082,,,,,,,
35,,15519,,,,,,1.4676241874694824,,,,,,,
35,,15529,,,,,,1.1759405136108398,,,,,,,
35,,15539,,,,,,2.417452096939087,,,,,,,
35,,15549,,,,,,1.8650233745574951,,,,,,,
35,,15559,,,,,,1.7478560209274292,,,,,,,
35,,15569,,,,,,2.616738796234131,,,,,,,
35,,15579,,,,,,3.6758337020874023,,,,,,,
35,,15589,,,,,,2.1799216270446777,,,,,,,
35,,15599,,,,,,2.614565372467041,,,,,,,
35,,15609,,,,,,1.1158242225646973,,,,,,,
35,,15619,,,,,,2.876462459564209,,,,,,,
35,,15629,,,,,,1.2664967775344849,,,,,,,
35,,15639,,,,,,0.6462199687957764,,,,,,,
35,,15649,,,,,,4.906298637390137,,,,,,,
35,,15659,,,,,,0.547868013381958,,,,,,,
35,,15669,,,,,,2.578320026397705,,,,,,,
35,,15679,,,,,,3.2603750228881836,,,,,,,
35,,15689,,,,,,2.8873703479766846,,,,,,,
35,,15699,,,,,,1.9693045616149902,,,,,,,
35,,15709,,,,,,1.7179901599884033,,,,,,,
35,,15719,,,,,,0.9661319255828857,,,,,,,
35,,15729,,,,,,1.368840217590332,,,,,,,
35,,15739,,,,,,1.4651916027069092,,,,,,,
35,,15749,,,,,,1.5838261842727661,,,,,,,
35,,15759,,,,,,1.4050908088684082,,,,,,,
35,,15767,,,,,,,,,,3.3150601387023926,1.4561262130737305,0.42804619669914246,1.8207306861877441
35,,15767,,,,,2.018676996231079,,1.1187993288040161,0.7052701711654663,1.4208015203475952,,,,
,0.0005,15768,,,,,,,,,,,,,
36,,15769,,,,,,1.9067602157592773,,,,,,,
36,,15779,,,,,,1.9062237739562988,,,,,,,
36,,15789,,,,,,4.596010208129883,,,,,,,
36,,15799,,,,,,1.0386415719985962,,,,,,,
36,,15809,,,,,,1.7827210426330566,,,,,,,
36,,15819,,,,,,1.7763359546661377,,,,,,,
36,,15829,,,,,,1.1866151094436646,,,,,,,
36,,15839,,,,,,1.2880827188491821,,,,,,,
36,,15849,,,,,,3.126662015914917,,,,,,,
36,,15859,,,,,,2.3870747089385986,,,,,,,
36,,15869,,,,,,2.2671148777008057,,,,,,,
36,,15879,,,,,,0.5483970046043396,,,,,,,
36,,15889,,,,,,1.109368920326233,,,,,,,
36,,15899,,,,,,0.69120192527771,,,,,,,
36,,15909,,,,,,0.8872124552726746,,,,,,,
36,,15919,,,,,,0.18413594365119934,,,,,,,
36,,15929,,,,,,1.6448161602020264,,,,,,,
36,,15939,,,,,,2.0356497764587402,,,,,,,
36,,15949,,,,,,0.6006328463554382,,,,,,,
36,,15959,,,,,,1.4929397106170654,,,,,,,
36,,15969,,,,,,1.4727470874786377,,,,,,,
36,,15979,,,,,,2.5649189949035645,,,,,,,
36,,15989,,,,,,1.7772102355957031,,,,,,,
36,,15999,,,,,,1.5373916625976562,,,,,,,
36,,16009,,,,,,1.8422589302062988,,,,,,,
36,,16019,,,,,,1.7943291664123535,,,,,,,
36,,16029,,,,,,1.6025949716567993,,,,,,,
36,,16039,,,,,,2.92822265625,,,,,,,
36,,16049,,,,,,2.298722982406616,,,,,,,
36,,16059,,,,,,1.3648650646209717,,,,,,,
36,,16069,,,,,,2.754868507385254,,,,,,,
36,,16079,,,,,,0.666898250579834,,,,,,,
36,,16089,,,,,,2.0688576698303223,,,,,,,
36,,16099,,,,,,1.2791872024536133,,,,,,,
36,,16109,,,,,,6.870611190795898,,,,,,,
36,,16119,,,,,,1.773264765739441,,,,,,,
36,,16129,,,,,,2.2724781036376953,,,,,,,
36,,16139,,,,,,5.545896530151367,,,,,,,
36,,16149,,,,,,0.9359185099601746,,,,,,,
36,,16159,,,,,,4.283984184265137,,,,,,,
36,,16169,,,,,,2.4943535327911377,,,,,,,
36,,16179,,,,,,3.8151743412017822,,,,,,,
36,,16189,,,,,,2.2126307487487793,,,,,,,
36,,16199,,,,,,2.122980833053589,,,,,,,
36,,16205,,,,,,,,,,3.2548911571502686,1.4533686637878418,0.43964219093322754,1.8041317462921143
36,,16205,,,,,2.0246634483337402,,1.126309871673584,0.7031962275505066,1.4229066371917725,,,,
,0.0005,16206,,,,,,,,,,,,,
37,,16209,,,,,,1.7115634679794312,,,,,,,
37,,16219,,,,,,1.5308219194412231,,,,,,,
37,,16229,,,,,,0.5596809983253479,,,,,,,
37,,16239,,,,,,1.3525773286819458,,,,,,,
37,,16249,,,,,,5.041816234588623,,,,,,,
37,,16259,,,,,,2.5021865367889404,,,,,,,
37,,16269,,,,,,1.0204665660858154,,,,,,,
37,,16279,,,,,,0.5499638319015503,,,,,,,
37,,16289,,,,,,1.0977572202682495,,,,,,,
37,,16299,,,,,,1.023942232131958,,,,,,,
37,,16309,,,,,,1.4487357139587402,,,,,,,
37,,16319,,,,,,1.856132984161377,,,,,,,
37,,16329,,,,,,2.187156915664673,,,,,,,
37,,16339,,,,,,2.301640748977661,,,,,,,
37,,16349,,,,,,2.2810144424438477,,,,,,,
37,,16359,,,,,,2.143498659133911,,,,,,,
37,,16369,,,,,,2.330963373184204,,,,,,,
37,,16379,,,,,,3.068568706512451,,,,,,,
37,,16389,,,,,,2.0815370082855225,,,,,,,
37,,16399,,,,,,3.9903571605682373,,,,,,,
37,,16409,,,,,,0.7222709655761719,,,,,,,
37,,16419,,,,,,1.5853171348571777,,,,,,,
37,,16429,,,,,,0.8817073106765747,,,,,,,
37,,16439,,,,,,2.1439387798309326,,,,,,,
37,,16449,,,,,,1.7375402450561523,,,,,,,
37,,16459,,,,,,1.1184718608856201,,,,,,,
37,,16469,,,,,,2.2422072887420654,,,,,,,
37,,16479,,,,,,3.5364139080047607,,,,,,,
37,,16489,,,,,,1.2471303939819336,,,,,,,
37,,16499,,,,,,0.8158425688743591,,,,,,,
37,,16509,,,,,,1.0472772121429443,,,,,,,
37,,16519,,,,,,3.0106518268585205,,,,,,,
37,,16529,,,,,,1.0489656925201416,,,,,,,
37,,16539,,,,,,1.1706466674804688,,,,,,,
37,,16549,,,,,,3.325329542160034,,,,,,,
37,,16559,,,,,,2.664027452468872,,,,,,,
37,,16569,,,,,,1.8259978294372559,,,,,,,
37,,16579,,,,,,0.7711768746376038,,,,,,,
37,,16589,,,,,,1.2188953161239624,,,,,,,
37,,16599,,,,,,0.4512960612773895,,,,,,,
37,,16609,,,,,,0.6980717182159424,,,,,,,
37,,16619,,,,,,1.1639466285705566,,,,,,,
37,,16629,,,,,,1.8425896167755127,,,,,,,
37,,16639,,,,,,4.33945894241333,,,,,,,
37,,16643,,,,,,,,,,3.560802459716797,1.5050814151763916,0.4051152765750885,1.8870089054107666
37,,16643,,,,,1.9488824605941772,,1.112298607826233,0.7172868251800537,1.3960237503051758,,,,
,0.0005,16644,,,,,,,,,,,,,
38,,16649,,,,,,1.3163236379623413,,,,,,,
38,,16659,,,,,,4.09596586227417,,,,,,,
38,,16669,,,,,,1.1795638799667358,,,,,,,
38,,16679,,,,,,1.4187254905700684,,,,,,,
38,,16689,,,,,,1.5633325576782227,,,,,,,
38,,16699,,,,,,5.710726261138916,,,,,,,
38,,16709,,,,,,0.9941999912261963,,,,,,,
38,,16719,,,,,,1.695829153060913,,,,,,,
38,,16729,,,,,,1.3131883144378662,,,,,,,
38,,16739,,,,,,1.7374694347381592,,,,,,,
38,,16749,,,,,,1.1241064071655273,,,,,,,
38,,16759,,,,,,0.5384308099746704,,,,,,,
38,,16769,,,,,,3.5372469425201416,,,,,,,
38,,16779,,,,,,0.9655459523200989,,,,,,,
38,,16789,,,,,,2.9612488746643066,,,,,,,
38,,16799,,,,,,1.9407474994659424,,,,,,,
38,,16809,,,,,,2.2363171577453613,,,,,,,
38,,16819,,,,,,1.9020384550094604,,,,,,,
38,,16829,,,,,,4.268294334411621,,,,,,,
38,,16839,,,,,,2.5928843021392822,,,,,,,
38,,16849,,,,,,2.2561588287353516,,,,,,,
38,,16859,,,,,,1.245977759361267,,,,,,,
38,,16869,,,,,,2.7097644805908203,,,,,,,
38,,16879,,,,,,2.831946611404419,,,,,,,
38,,16889,,,,,,1.964272141456604,,,,,,,
38,,16899,,,,,,2.4971580505371094,,,,,,,
38,,16909,,,,,,1.9663068056106567,,,,,,,
38,,16919,,,,,,2.215579032897949,,,,,,,
38,,16929,,,,,,1.13785982131958,,,,,,,
38,,16939,,,,,,2.2802984714508057,,,,,,,
38,,16949,,,,,,0.5319898724555969,,,,,,,
38,,16959,,,,,,1.7944939136505127,,,,,,,
38,,16969,,,,,,3.8640835285186768,,,,,,,
38,,16979,,,,,,1.6434962749481201,,,,,,,
38,,16989,,,,,,0.9471132755279541,,,,,,,
38,,16999,,,,,,1.837844729423523,,,,,,,
38,,17009,,,,,,3.198282241821289,,,,,,,
38,,17019,,,,,,1.293684720993042,,,,,,,
38,,17029,,,,,,0.7265161871910095,,,,,,,
38,,17039,,,,,,2.3129658699035645,,,,,,,
38,,17049,,,,,,2.1925201416015625,,,,,,,
38,,17059,,,,,,1.7232377529144287,,,,,,,
38,,17069,,,,,,1.7778286933898926,,,,,,,
38,,17079,,,,,,1.9794905185699463,,,,,,,
38,,17081,,,,,,,,,,4.254220485687256,1.6150020360946655,0.326235830783844,2.0625762939453125
38,,17081,,,,,1.965333342552185,,1.1098359823226929,0.7145897150039673,1.401903510093689,,,,
,0.00025,17082,,,,,,,,,,,,,
39,,17089,,,,,,2.7559945583343506,,,,,,,
39,,17099,,,,,,1.9206445217132568,,,,,,,
39,,17109,,,,,,3.186788320541382,,,,,,,
39,,17119,,,,,,1.2919936180114746,,,,,,,
39,,17129,,,,,,1.3537174463272095,,,,,,,
39,,17139,,,,,,0.8843847513198853,,,,,,,
39,,17149,,,,,,1.1703730821609497,,,,,,,
39,,17159,,,,,,1.0295562744140625,,,,,,,
39,,17169,,,,,,3.626194477081299,,,,,,,
39,,17179,,,,,,1.8635777235031128,,,,,,,
39,,17189,,,,,,2.494690179824829,,,,,,,
39,,17199,,,,,,1.464350700378418,,,,,,,
39,,17209,,,,,,1.742712378501892,,,,,,,
39,,17219,,,,,,0.40007537603378296,,,,,,,
39,,17229,,,,,,2.0861599445343018,,,,,,,
39,,17239,,,,,,3.6505491733551025,,,,,,,
39,,17249,,,,,,1.6248211860656738,,,,,,,
39,,17259,,,,,,1.5918335914611816,,,,,,,
39,,17269,,,,,,1.8883070945739746,,,,,,,
39,,17279,,,,,,1.6620113849639893,,,,,,,
39,,17289,,,,,,1.7950372695922852,,,,,,,
39,,17299,,,,,,0.7152312397956848,,,,,,,
39,,17309,,,,,,1.4899848699569702,,,,,,,
39,,17319,,,,,,0.6208417415618896,,,,,,,
39,,17329,,,,,,0.7377837896347046,,,,,,,
39,,17339,,,,,,2.0940351486206055,,,,,,,
39,,17349,,,,,,2.6378509998321533,,,,,,,
39,,17359,,,,,,2.0814244747161865,,,,,,,
39,,17369,,,,,,1.1509307622909546,,,,,,,
39,,17379,,,,,,1.0754436254501343,,,,,,,
39,,17389,,,,,,0.9738740921020508,,,,,,,
39,,17399,,,,,,2.8895020484924316,,,,,,,
39,,17409,,,,,,0.4529344141483307,,,,,,,
39,,17419,,,,,,1.5189173221588135,,,,,,,
39,,17429,,,,,,1.333230972290039,,,,,,,
39,,17439,,,,,,3.665343761444092,,,,,,,
39,,17449,,,,,,1.826529622077942,,,,,,,
39,,17459,,,,,,1.9718222618103027,,,,,,,
39,,17469,,,,,,0.9928022027015686,,,,,,,
39,,17479,,,,,,1.952778697013855,,,,,,,
39,,17489,,,,,,3.6641600131988525,,,,,,,
39,,17499,,,,,,1.5034739971160889,,,,,,,
39,,17509,,,,,,1.5137441158294678,,,,,,,
39,,17519,,,,,,1.9233667850494385,,,,,,,
39,,17519,,,,,,,,,,3.535437822341919,1.4842830896377563,0.40726765990257263,1.8802759647369385
39,,17519,,,,,1.7814501523971558,,1.0513885021209717,0.7452563643455505,1.3347097635269165,,,,
,0.00025,17520,,,,,,,,,,,,,
40,,17529,,,,,,1.3032952547073364,,,,,,,
40,,17539,,,,,,1.8052350282669067,,,,,,,
40,,17549,,,,,,0.8348392248153687,,,,,,,
40,,17559,,,,,,2.054759979248047,,,,,,,
40,,17569,,,,,,2.5707595348358154,,,,,,,
40,,17579,,,,,,1.1665855646133423,,,,,,,
40,,17589,,,,,,1.5419137477874756,,,,,,,
40,,17599,,,,,,1.9774980545043945,,,,,,,
40,,17609,,,,,,2.2886393070220947,,,,,,,
40,,17619,,,,,,1.3680357933044434,,,,,,,
40,,17629,,,,,,1.2116870880126953,,,,,,,
40,,17639,,,,,,0.9998198747634888,,,,,,,
40,,17649,,,,,,0.3996792435646057,,,,,,,
40,,17659,,,,,,1.2122927904129028,,,,,,,
40,,17669,,,,,,1.8086309432983398,,,,,,,
40,,17679,,,,,,1.5290676355361938,,,,,,,
40,,17689,,,,,,3.85866117477417,,,,,,,
40,,17699,,,,,,1.9569963216781616,,,,,,,
40,,17709,,,,,,1.7563380002975464,,,,,,,
40,,17719,,,,,,0.7090662717819214,,,,,,,
40,,17729,,,,,,1.6631211042404175,,,,,,,
40,,17739,,,,,,1.449389934539795,,,,,,,
40,,17749,,,,,,1.5470057725906372,,,,,,,
40,,17759,,,,,,2.0411393642425537,,,,,,,
40,,17769,,,,,,3.1341304779052734,,,,,,,
40,,17779,,,,,,0.9975627660751343,,,,,,,
40,,17789,,,,,,1.274315595626831,,,,,,,
40,,17799,,,,,,3.698503017425537,,,,,,,
40,,17809,,,,,,2.026888132095337,,,,,,,
40,,17819,,,,,,3.2092862129211426,,,,,,,
40,,17829,,,,,,0.9370371103286743,,,,,,,
40,,17839,,,,,,1.8037290573120117,,,,,,,
40,,17849,,,,,,0.8546943664550781,,,,,,,
40,,17859,,,,,,3.0767621994018555,,,,,,,
40,,17869,,,,,,0.6893413662910461,,,,,,,
40,,17879,,,,,,1.4648562669754028,,,,,,,
40,,17889,,,,,,0.9827021956443787,,,,,,,
40,,17899,,,,,,0.7936891913414001,,,,,,,
40,,17909,,,,,,1.4171650409698486,,,,,,,
40,,17919,,,,,,0.6419234275817871,,,,,,,
40,,17929,,,,,,1.0913574695587158,,,,,,,
40,,17939,,,,,,0.8390100002288818,,,,,,,
40,,17949,,,,,,1.0855185985565186,,,,,,,
40,,17957,,,,,,,,,,3.3282999992370605,1.4455723762512207,0.4453125,1.824362874031067
40,,17957,,,,,1.6882885694503784,,1.0246100425720215,0.7606743574142456,1.2993415594100952,,,,
,0.00025,17958,,,,,,,,,,,,,
41,,17959,,,,,,0.8975050449371338,,,,,,,
41,,17969,,,,,,3.671178102493286,,,,,,,
41,,17979,,,,,,1.5165631771087646,,,,,,,
41,,17989,,,,,,2.2242684364318848,,,,,,,
41,,17999,,,,,,4.1627020835876465,,,,,,,
41,,18009,,,,,,1.9922767877578735,,,,,,,
41,,18019,,,,,,1.466325283050537,,,,,,,
41,,18029,,,,,,0.9105875492095947,,,,,,,
41,,18039,,,,,,2.7399368286132812,,,,,,,
41,,18049,,,,,,1.5614538192749023,,,,,,,
41,,18059,,,,,,1.4064052104949951,,,,,,,
41,,18069,,,,,,0.7964922785758972,,,,,,,
41,,18079,,,,,,1.3387830257415771,,,,,,,
41,,18089,,,,,,1.6676065921783447,,,,,,,
41,,18099,,,,,,0.8005104064941406,,,,,,,
41,,18109,,,,,,2.1149942874908447,,,,,,,
41,,18119,,,,,,1.1759626865386963,,,,,,,
41,,18129,,,,,,1.9366474151611328,,,,,,,
41,,18139,,,,,,1.5677845478057861,,,,,,,
41,,18149,,,,,,0.531497597694397,,,,,,,
41,,18159,,,,,,1.5027391910552979,,,,,,,
41,,18169,,,,,,1.8072242736816406,,,,,,,
41,,18179,,,,,,1.9168038368225098,,,,,,,
41,,18189,,,,,,3.1608433723449707,,,,,,,
41,,18199,,,,,,0.8625284433364868,,,,,,,
41,,18209,,,,,,0.44694048166275024,,,,,,,
41,,18219,,,,,,0.955778956413269,,,,,,,
41,,18229,,,,,,3.1451311111450195,,,,,,,
41,,18239,,,,,,3.6384799480438232,,,,,,,
41,,18249,,,,,,0.18800626695156097,,,,,,,
41,,18259,,,,,,1.595410943031311,,,,,,,
41,,18269,,,,,,0.8301557302474976,,,,,,,
41,,18279,,,,,,2.7116599082946777,,,,,,,
41,,18289,,,,,,2.5757675170898438,,,,,,,
41,,18299,,,,,,0.5953075289726257,,,,,,,
41,,18309,,,,,,1.1623919010162354,,,,,,,
41,,18319,,,,,,1.733892560005188,,,,,,,
41,,18329,,,,,,4.164752960205078,,,,,,,
41,,18339,,,,,,1.0891869068145752,,,,,,,
41,,18349,,,,,,1.3804823160171509,,,,,,,
41,,18359,,,,,,2.1602156162261963,,,,,,,
41,,18369,,,,,,2.2886953353881836,,,,,,,
41,,18379,,,,,,0.28075045347213745,,,,,,,
41,,18389,,,,,,0.829253613948822,,,,,,,
41,,18395,,,,,,,,,,3.3322207927703857,1.4861793518066406,0.4267694056034088,1.8254371881484985
41,,18395,,,,,1.6290912628173828,,1.0081279277801514,0.7705882787704468,1.2763586044311523,,,,
,0.00025,18396,,,,,,,,,,,,,
42,,18399,,,,,,2.5926425457000732,,,,,,,
42,,18409,,,,,,1.0882277488708496,,,,,,,
42,,18419,,,,,,2.814791679382324,,,,,,,
42,,18429,,,,,,1.241908311843872,,,,,,,
42,,18439,,,,,,1.3987374305725098,,,,,,,
42,,18449,,,,,,0.36739200353622437,,,,,,,
42,,18459,,,,,,1.8254517316818237,,,,,,,
42,,18469,,,,,,1.9229004383087158,,,,,,,
42,,18479,,,,,,3.0410075187683105,,,,,,,
42,,18489,,,,,,1.8808249235153198,,,,,,,
42,,18499,,,,,,1.583000898361206,,,,,,,
42,,18509,,,,,,0.6195102334022522,,,,,,,
42,,18519,,,,,,1.5002857446670532,,,,,,,
42,,18529,,,,,,0.481496125459671,,,,,,,
42,,18539,,,,,,1.3486073017120361,,,,,,,
42,,18549,,,,,,1.036038875579834,,,,,,,
42,,18559,,,,,,1.0204344987869263,,,,,,,
42,,18569,,,,,,2.5031354427337646,,,,,,,
42,,18579,,,,,,2.653441905975342,,,,,,,
42,,18589,,,,,,2.201294422149658,,,,,,,
42,,18599,,,,,,1.887998342514038,,,,,,,
42,,18609,,,,,,1.4992597103118896,,,,,,,
42,,18619,,,,,,1.387405276298523,,,,,,,
42,,18629,,,,,,2.5883026123046875,,,,,,,
42,,18639,,,,,,1.936679720878601,,,,,,,
42,,18649,,,,,,1.6721113920211792,,,,,,,
42,,18659,,,,,,3.1039376258850098,,,,,,,
42,,18669,,,,,,1.2337548732757568,,,,,,,
42,,18679,,,,,,0.8340831398963928,,,,,,,
42,,18689,,,,,,1.4839105606079102,,,,,,,
42,,18699,,,,,,2.441251516342163,,,,,,,
42,,18709,,,,,,1.1362806558609009,,,,,,,
42,,18719,,,,,,1.2290449142456055,,,,,,,
42,,18729,,,,,,2.4354805946350098,,,,,,,
42,,18739,,,,,,2.3385190963745117,,,,,,,
42,,18749,,,,,,3.2508771419525146,,,,,,,
42,,18759,,,,,,7.029271125793457,,,,,,,
42,,18769,,,,,,1.0494223833084106,,,,,,,
42,,18779,,,,,,2.254824161529541,,,,,,,
42,,18789,,,,,,1.3524787425994873,,,,,,,
42,,18799,,,,,,0.6179392337799072,,,,,,,
42,,18809,,,,,,0.5551950335502625,,,,,,,
42,,18819,,,,,,0.6909239292144775,,,,,,,
42,,18829,,,,,,4.016690254211426,,,,,,,
42,,18833,,,,,,,,,,3.8182921409606934,1.5988279581069946,0.3872188329696655,1.954045057296753
42,,18833,,,,,1.615870475769043,,0.9938716888427734,0.7728228569030762,1.2711689472198486,,,,
,0.00025,18834,,,,,,,,,,,,,
43,,18839,,,,,,0.9963824152946472,,,,,,,
43,,18849,,,,,,1.2619678974151611,,,,,,,
43,,18859,,,,,,0.7631638050079346,,,,,,,
43,,18869,,,,,,2.31797194480896,,,,,,,
43,,18879,,,,,,0.8000960350036621,,,,,,,
43,,18889,,,,,,1.5903351306915283,,,,,,,
43,,18899,,,,,,2.137458086013794,,,,,,,
43,,18909,,,,,,2.2906453609466553,,,,,,,
43,,18919,,,,,,0.8305885195732117,,,,,,,
43,,18929,,,,,,1.5945637226104736,,,,,,,
43,,18939,,,,,,1.3805220127105713,,,,,,,
43,,18949,,,,,,1.6041052341461182,,,,,,,
43,,18959,,,,,,1.0786452293395996,,,,,,,
43,,18969,,,,,,0.5493532419204712,,,,,,,
43,,18979,,,,,,0.9367419481277466,,,,,,,
43,,18989,,,,,,0.9684336185455322,,,,,,,
43,,18999,,,,,,1.1126973628997803,,,,,,,
43,,19009,,,,,,2.112339496612549,,,,,,,
43,,19019,,,,,,0.9592492580413818,,,,,,,
43,,19029,,,,,,0.622044563293457,,,,,,,
43,,19039,,,,,,1.1356955766677856,,,,,,,
43,,19049,,,,,,0.9811059236526489,,,,,,,
43,,19059,,,,,,0.5043107867240906,,,,,,,
43,,19069,,,,,,0.4320956766605377,,,,,,,
43,,19079,,,,,,1.067735195159912,,,,,,,
43,,19089,,,,,,0.6141544580459595,,,,,,,
43,,19099,,,,,,1.7281591892242432,,,,,,,
43,,19109,,,,,,3.0465354919433594,,,,,,,
43,,19119,,,,,,2.0791475772857666,,,,,,,
43,,19129,,,,,,1.3876299858093262,,,,,,,
43,,19139,,,,,,2.8906848430633545,,,,,,,
43,,19149,,,,,,1.8809577226638794,,,,,,,
43,,19159,,,,,,1.3275460004806519,,,,,,,
43,,19169,,,,,,1.0482816696166992,,,,,,,
43,,19179,,,,,,3.438589572906494,,,,,,,
43,,19189,,,,,,1.6669790744781494,,,,,,,
43,,19199,,,,,,1.7257360219955444,,,,,,,
43,,19209,,,,,,0.9100729823112488,,,,,,,
43,,19219,,,,,,1.367417335510254,,,,,,,
43,,19229,,,,,,2.159749746322632,,,,,,,
43,,19239,,,,,,1.5641645193099976,,,,,,,
43,,19249,,,,,,1.748631477355957,,,,,,,
43,,19259,,,,,,1.6155251264572144,,,,,,,
43,,19269,,,,,,0.3735559582710266,,,,,,,
43,,19271,,,,,,,,,,3.6078200340270996,1.5471299886703491,0.40600496530532837,1.8994262218475342
43,,19271,,,,,1.5419560670852661,,0.9785511493682861,0.7844570279121399,1.2417552471160889,,,,
,0.00025,19272,,,,,,,,,,,,,
44,,19279,,,,,,0.9529938697814941,,,,,,,
44,,19289,,,,,,1.0444531440734863,,,,,,,
44,,19299,,,,,,1.466955304145813,,,,,,,
44,,19309,,,,,,2.252227783203125,,,,,,,
44,,19319,,,,,,0.8820074200630188,,,,,,,
44,,19329,,,,,,1.8190990686416626,,,,,,,
44,,19339,,,,,,0.5541139841079712,,,,,,,
44,,19349,,,,,,0.7470535039901733,,,,,,,
44,,19359,,,,,,0.3739468455314636,,,,,,,
44,,19369,,,,,,2.0958425998687744,,,,,,,
44,,19379,,,,,,0.7963991761207581,,,,,,,
44,,19389,,,,,,0.7626550197601318,,,,,,,
44,,19399,,,,,,3.154198408126831,,,,,,,
44,,19409,,,,,,0.8145959377288818,,,,,,,
44,,19419,,,,,,0.5231711864471436,,,,,,,
44,,19429,,,,,,1.021106481552124,,,,,,,
44,,19439,,,,,,1.9839885234832764,,,,,,,
44,,19449,,,,,,1.0522494316101074,,,,,,,
44,,19459,,,,,,0.9806177020072937,,,,,,,
44,,19469,,,,,,1.6010812520980835,,,,,,,
44,,19479,,,,,,1.5895335674285889,,,,,,,
44,,19489,,,,,,0.9324883818626404,,,,,,,
44,,19499,,,,,,0.9132931232452393,,,,,,,
44,,19509,,,,,,0.7752707004547119,,,,,,,
44,,19519,,,,,,2.2141406536102295,,,,,,,
44,,19529,,,,,,1.6028857231140137,,,,,,,
44,,19539,,,,,,1.0817360877990723,,,,,,,
44,,19549,,,,,,1.5533424615859985,,,,,,,
44,,19559,,,,,,2.0078322887420654,,,,,,,
44,,19569,,,,,,0.9659452438354492,,,,,,,
44,,19579,,,,,,1.7879633903503418,,,,,,,
44,,19589,,,,,,1.4302020072937012,,,,,,,
44,,19599,,,,,,1.0003615617752075,,,,,,,
44,,19609,,,,,,0.9851188659667969,,,,,,,
44,,19619,,,,,,3.4512524604797363,,,,,,,
44,,19629,,,,,,0.8993442058563232,,,,,,,
44,,19639,,,,,,1.667889952659607,,,,,,,
44,,19649,,,,,,1.0171293020248413,,,,,,,
44,,19659,,,,,,1.6722772121429443,,,,,,,
44,,19669,,,,,,0.6779540777206421,,,,,,,
44,,19679,,,,,,1.3376729488372803,,,,,,,
44,,19689,,,,,,0.7118468284606934,,,,,,,
44,,19699,,,,,,1.2965121269226074,,,,,,,
44,,19709,,,,,,1.2469220161437988,,,,,,,
44,,19709,,,,,,,,,,3.8187289237976074,1.6162161827087402,0.36436864733695984,1.9541568756103516
44,,19709,,,,,1.5403094291687012,,0.9618760347366333,0.7848829030990601,1.2410920858383179,,,,
,0.00025,19710,,,,,,,,,,,,,
45,,19719,,,,,,3.7956080436706543,,,,,,,
45,,19729,,,,,,1.2151544094085693,,,,,,,
45,,19739,,,,,,2.419903516769409,,,,,,,
45,,19749,,,,,,2.0035183429718018,,,,,,,
45,,19759,,,,,,3.2904608249664307,,,,,,,
45,,19769,,,,,,1.3438061475753784,,,,,,,
45,,19779,,,,,,1.9944007396697998,,,,,,,
45,,19789,,,,,,1.0809098482131958,,,,,,,
45,,19799,,,,,,0.9685221314430237,,,,,,,
45,,19809,,,,,,1.3961955308914185,,,,,,,
45,,19819,,,,,,0.6464254856109619,,,,,,,
45,,19829,,,,,,1.0417554378509521,,,,,,,
45,,19839,,,,,,0.8529583215713501,,,,,,,
45,,19849,,,,,,3.1160762310028076,,,,,,,
45,,19859,,,,,,0.6853094100952148,,,,,,,
45,,19869,,,,,,1.0291335582733154,,,,,,,
45,,19879,,,,,,3.062608242034912,,,,,,,
45,,19889,,,,,,1.2096636295318604,,,,,,,
45,,19899,,,,,,0.7252655625343323,,,,,,,
45,,19909,,,,,,1.177524209022522,,,,,,,
45,,19919,,,,,,1.3019351959228516,,,,,,,
45,,19929,,,,,,0.637972354888916,,,,,,,
45,,19939,,,,,,2.1981210708618164,,,,,,,
45,,19949,,,,,,1.048798680305481,,,,,,,
45,,19959,,,,,,1.8655662536621094,,,,,,,
45,,19969,,,,,,1.3049695491790771,,,,,,,
45,,19979,,,,,,2.4983572959899902,,,,,,,
45,,19989,,,,,,0.24235527217388153,,,,,,,
45,,19999,,,,,,2.290950298309326,,,,,,,
45,,20009,,,,,,1.7263777256011963,,,,,,,
45,,20019,,,,,,0.6677459478378296,,,,,,,
45,,20029,,,,,,0.8073418140411377,,,,,,,
45,,20039,,,,,,0.46665865182876587,,,,,,,
45,,20049,,,,,,2.3000550270080566,,,,,,,
45,,20059,,,,,,0.8584361672401428,,,,,,,
45,,20069,,,,,,1.7369604110717773,,,,,,,
45,,20079,,,,,,0.40713971853256226,,,,,,,
45,,20089,,,,,,1.4550905227661133,,,,,,,
45,,20099,,,,,,1.048813819885254,,,,,,,
45,,20109,,,,,,2.714503765106201,,,,,,,
45,,20119,,,,,,0.8280864357948303,,,,,,,
45,,20129,,,,,,1.5854347944259644,,,,,,,
45,,20139,,,,,,1.2031916379928589,,,,,,,
45,,20147,,,,,,,,,,4.148731708526611,1.6160898208618164,0.28781718015670776,2.0368435382843018
45,,20147,,,,,1.4836411476135254,,0.9521510601043701,0.7937788367271423,1.218048095703125,,,,
,0.00025,20148,,,,,,,,,,,,,
46,,20149,,,,,,7.0333147048950195,,,,,,,
46,,20159,,,,,,0.6919227838516235,,,,,,,
46,,20169,,,,,,0.6795790791511536,,,,,,,
46,,20179,,,,,,1.2435522079467773,,,,,,,
46,,20189,,,,,,1.5435577630996704,,,,,,,
46,,20199,,,,,,0.5738494992256165,,,,,,,
46,,20209,,,,,,0.9301741123199463,,,,,,,
46,,20219,,,,,,0.6348722577095032,,,,,,,
46,,20229,,,,,,2.370941638946533,,,,,,,
46,,20239,,,,,,0.8454779982566833,,,,,,,
46,,20249,,,,,,1.4860620498657227,,,,,,,
46,,20259,,,,,,1.4930119514465332,,,,,,,
46,,20269,,,,,,1.5338479280471802,,,,,,,
46,,20279,,,,,,2.3851571083068848,,,,,,,
46,,20289,,,,,,0.700761079788208,,,,,,,
46,,20299,,,,,,1.0310958623886108,,,,,,,
46,,20309,,,,,,2.206557273864746,,,,,,,
46,,20319,,,,,,2.8920085430145264,,,,,,,
46,,20329,,,,,,0.5694502592086792,,,,,,,
46,,20339,,,,,,1.0016915798187256,,,,,,,
46,,20349,,,,,,1.5202569961547852,,,,,,,
46,,20359,,,,,,1.1669812202453613,,,,,,,
46,,20369,,,,,,2.5357112884521484,,,,,,,
46,,20379,,,,,,0.42065393924713135,,,,,,,
46,,20389,,,,,,1.4971015453338623,,,,,,,
46,,20399,,,,,,0.7745562791824341,,,,,,,
46,,20409,,,,,,1.434605360031128,,,,,,,
46,,20419,,,,,,1.7358222007751465,,,,,,,
46,,20429,,,,,,0.8154137134552002,,,,,,,
46,,20439,,,,,,1.834714412689209,,,,,,,
46,,20449,,,,,,1.351806402206421,,,,,,,
46,,20459,,,,,,1.4068901538848877,,,,,,,
46,,20469,,,,,,0.40745115280151367,,,,,,,
46,,20479,,,,,,2.3474669456481934,,,,,,,
46,,20489,,,,,,1.3658709526062012,,,,,,,
46,,20499,,,,,,4.351977348327637,,,,,,,
46,,20509,,,,,,1.7308098077774048,,,,,,,
46,,20519,,,,,,1.7403855323791504,,,,,,,
46,,20529,,,,,,1.1234714984893799,,,,,,,
46,,20539,,,,,,1.0166232585906982,,,,,,,
46,,20549,,,,,,1.2862110137939453,,,,,,,
46,,20559,,,,,,2.3192219734191895,,,,,,,
46,,20569,,,,,,1.3039019107818604,,,,,,,
46,,20579,,,,,,2.246629476547241,,,,,,,
46,,20585,,,,,,,,,,4.357488632202148,1.7019996643066406,0.30916163325309753,2.0874598026275635
46,,20585,,,,,1.4603967666625977,,0.9480319619178772,0.7975738644599915,1.2084687948226929,,,,
,0.00025,20586,,,,,,,,,,,,,
47,,20589,,,,,,1.0369157791137695,,,,,,,
47,,20599,,,,,,3.656200885772705,,,,,,,
47,,20609,,,,,,0.7583740949630737,,,,,,,
47,,20619,,,,,,0.49232617020606995,,,,,,,
47,,20629,,,,,,0.4126363694667816,,,,,,,
47,,20639,,,,,,1.6008028984069824,,,,,,,
47,,20649,,,,,,0.6924734115600586,,,,,,,
47,,20659,,,,,,1.6325603723526,,,,,,,
47,,20669,,,,,,0.5409975647926331,,,,,,,
47,,20679,,,,,,1.341498613357544,,,,,,,
47,,20689,,,,,,0.6164966821670532,,,,,,,
47,,20699,,,,,,2.148867130279541,,,,,,,
47,,20709,,,,,,1.6093010902404785,,,,,,,
47,,20719,,,,,,0.6319961547851562,,,,,,,
47,,20729,,,,,,2.057682991027832,,,,,,,
47,,20739,,,,,,0.4589475989341736,,,,,,,
47,,20749,,,,,,1.8538801670074463,,,,,,,
47,,20759,,,,,,0.6663193106651306,,,,,,,
47,,20769,,,,,,2.192603349685669,,,,,,,
47,,20779,,,,,,0.8646291494369507,,,,,,,
47,,20789,,,,,,1.935599446296692,,,,,,,
47,,20799,,,,,,0.7509489059448242,,,,,,,
47,,20809,,,,,,0.41106221079826355,,,,,,,
47,,20819,,,,,,3.2076895236968994,,,,,,,
47,,20829,,,,,,0.885634183883667,,,,,,,
47,,20839,,,,,,3.428236722946167,,,,,,,
47,,20849,,,,,,0.2583385407924652,,,,,,,
47,,20859,,,,,,1.6597888469696045,,,,,,,
47,,20869,,,,,,4.774598121643066,,,,,,,
47,,20879,,,,,,1.1945834159851074,,,,,,,
47,,20889,,,,,,1.11388099193573,,,,,,,
47,,20899,,,,,,0.9982144236564636,,,,,,,
47,,20909,,,,,,1.3361515998840332,,,,,,,
47,,20919,,,,,,0.8115565180778503,,,,,,,
47,,20929,,,,,,2.2534680366516113,,,,,,,
47,,20939,,,,,,2.254255771636963,,,,,,,
47,,20949,,,,,,3.289130926132202,,,,,,,
47,,20959,,,,,,1.303162932395935,,,,,,,
47,,20969,,,,,,2.4837100505828857,,,,,,,
47,,20979,,,,,,1.0909380912780762,,,,,,,
47,,20989,,,,,,1.2121920585632324,,,,,,,
47,,20999,,,,,,0.6431839466094971,,,,,,,
47,,21009,,,,,,0.7567098140716553,,,,,,,
47,,21019,,,,,,1.1319471597671509,,,,,,,
47,,21023,,,,,,,,,,3.9178524017333984,1.6127543449401855,0.3686222732067108,1.9793565273284912
47,,21023,,,,,1.407969355583191,,0.9246383309364319,0.8055298924446106,1.1865788698196411,,,,
,0.00025,21024,,,,,,,,,,,,,
48,,21029,,,,,,2.0696229934692383,,,,,,,
48,,21039,,,,,,0.4670066833496094,,,,,,,
48,,21049,,,,,,1.6166017055511475,,,,,,,
48,,21059,,,,,,0.7333680987358093,,,,,,,
48,,21069,,,,,,0.6716418266296387,,,,,,,
48,,21079,,,,,,1.6085797548294067,,,,,,,
48,,21089,,,,,,1.255043387413025,,,,,,,
48,,21099,,,,,,0.4125312268733978,,,,,,,
48,,21109,,,,,,0.30310872197151184,,,,,,,
48,,21119,,,,,,0.6603679060935974,,,,,,,
48,,21129,,,,,,1.2176522016525269,,,,,,,
48,,21139,,,,,,0.31679508090019226,,,,,,,
48,,21149,,,,,,2.659075975418091,,,,,,,
48,,21159,,,,,,2.239175796508789,,,,,,,
48,,21169,,,,,,1.7471948862075806,,,,,,,
48,,21179,,,,,,0.9716256856918335,,,,,,,
48,,21189,,,,,,1.0969903469085693,,,,,,,
48,,21199,,,,,,0.7938666343688965,,,,,,,
48,,21209,,,,,,0.9036955833435059,,,,,,,
48,,21219,,,,,,1.361972451210022,,,,,,,
48,,21229,,,,,,1.207388162612915,,,,,,,
48,,21239,,,,,,1.5397800207138062,,,,,,,
48,,21249,,,,,,1.0413106679916382,,,,,,,
48,,21259,,,,,,2.6080238819122314,,,,,,,
48,,21269,,,,,,1.028818130493164,,,,,,,
48,,21279,,,,,,1.5791277885437012,,,,,,,
48,,21289,,,,,,2.322673797607422,,,,,,,
48,,21299,,,,,,0.8133931756019592,,,,,,,
48,,21309,,,,,,0.5650876760482788,,,,,,,
48,,21319,,,,,,1.6048619747161865,,,,,,,
48,,21329,,,,,,0.8302055597305298,,,,,,,
48,,21339,,,,,,1.4026563167572021,,,,,,,
48,,21349,,,,,,1.8476862907409668,,,,,,,
48,,21359,,,,,,0.6053213477134705,,,,,,,
48,,21369,,,,,,5.476330280303955,,,,,,,
48,,21379,,,,,,0.294156014919281,,,,,,,
48,,21389,,,,,,0.9327294230461121,,,,,,,
48,,21399,,,,,,0.7316513657569885,,,,,,,
48,,21409,,,,,,1.3355168104171753,,,,,,,
48,,21419,,,,,,0.7792612314224243,,,,,,,
48,,21429,,,,,,0.4292001724243164,,,,,,,
48,,21439,,,,,,0.5356045365333557,,,,,,,
48,,21449,,,,,,1.473660945892334,,,,,,,
48,,21459,,,,,,0.7067269086837769,,,,,,,
48,,21461,,,,,,,,,,4.095394611358643,1.6457819938659668,0.3341550827026367,2.0237081050872803
48,,21461,,,,,1.3792685270309448,,0.9200373291969299,0.8099192380905151,1.1744226217269897,,,,
,0.00025,21462,,,,,,,,,,,,,
49,,21469,,,,,,1.128044605255127,,,,,,,
49,,21479,,,,,,0.47127535939216614,,,,,,,
49,,21489,,,,,,1.5131384134292603,,,,,,,
49,,21499,,,,,,2.1749353408813477,,,,,,,
49,,21509,,,,,,7.129712104797363,,,,,,,
49,,21519,,,,,,0.5775778293609619,,,,,,,
49,,21529,,,,,,0.5338442921638489,,,,,,,
49,,21539,,,,,,0.8835430145263672,,,,,,,
49,,21549,,,,,,1.604123830795288,,,,,,,
49,,21559,,,,,,0.7170557975769043,,,,,,,
49,,21569,,,,,,0.5911223888397217,,,,,,,
49,,21579,,,,,,0.9024302363395691,,,,,,,
49,,21589,,,,,,1.0728908777236938,,,,,,,
49,,21599,,,,,,0.9257680177688599,,,,,,,
49,,21609,,,,,,1.7332942485809326,,,,,,,
49,,21619,,,,,,3.0463733673095703,,,,,,,
49,,21629,,,,,,1.4838504791259766,,,,,,,
49,,21639,,,,,,2.8023712635040283,,,,,,,
49,,21649,,,,,,2.400615930557251,,,,,,,
49,,21659,,,,,,0.9187350273132324,,,,,,,
49,,21669,,,,,,6.2102813720703125,,,,,,,
49,,21679,,,,,,0.3147786557674408,,,,,,,
49,,21689,,,,,,1.6357402801513672,,,,,,,
49,,21699,,,,,,0.48204249143600464,,,,,,,
49,,21709,,,,,,1.6784356832504272,,,,,,,
49,,21719,,,,,,1.6484488248825073,,,,,,,
49,,21729,,,,,,2.4335691928863525,,,,,,,
49,,21739,,,,,,2.2684719562530518,,,,,,,
49,,21749,,,,,,0.9622871279716492,,,,,,,
49,,21759,,,,,,0.8977293372154236,,,,,,,
49,,21769,,,,,,1.1234314441680908,,,,,,,
49,,21779,,,,,,1.087202548980713,,,,,,,
49,,21789,,,,,,1.887610673904419,,,,,,,
49,,21799,,,,,,1.6432650089263916,,,,,,,
49,,21809,,,,,,0.67769455909729,,,,,,,
49,,21819,,,,,,0.7119642496109009,,,,,,,
49,,21829,,,,,,1.415177583694458,,,,,,,
49,,21839,,,,,,1.6142160892486572,,,,,,,
49,,21849,,,,,,2.2718100547790527,,,,,,,
49,,21859,,,,,,1.8363282680511475,,,,,,,
49,,21869,,,,,,0.8263388872146606,,,,,,,
49,,21879,,,,,,0.8622322082519531,,,,,,,
49,,21889,,,,,,2.2461190223693848,,,,,,,
49,,21899,,,,,,0.33356720209121704,,,,,,,
49,,21899,,,,,,,,,,4.101325988769531,1.6402437686920166,0.349673867225647,2.0251731872558594
49,,21899,,,,,1.4152569770812988,,0.9277901649475098,0.8044257760047913,1.189645767211914,,,,
,0.000125,21900,,,,,,,,,,,,,
50,,21909,,,,,,0.8878909349441528,,,,,,,
50,,21919,,,,,,0.8913077116012573,,,,,,,
50,,21929,,,,,,1.2947250604629517,,,,,,,
50,,21939,,,,,,2.066129207611084,,,,,,,
50,,21949,,,,,,0.4056721329689026,,,,,,,
50,,21959,,,,,,1.1993651390075684,,,,,,,
50,,21969,,,,,,0.4016147255897522,,,,,,,
50,,21979,,,,,,2.1402885913848877,,,,,,,
50,,21989,,,,,,0.6838181018829346,,,,,,,
50,,21999,,,,,,1.536900520324707,,,,,,,
50,,22009,,,,,,0.6171570420265198,,,,,,,
50,,22019,,,,,,2.380537509918213,,,,,,,
50,,22029,,,,,,2.121992826461792,,,,,,,
50,,22039,,,,,,1.5377275943756104,,,,,,,
50,,22049,,,,,,1.031029224395752,,,,,,,
50,,22059,,,,,,1.2067404985427856,,,,,,,
50,,22069,,,,,,0.596515417098999,,,,,,,
50,,22079,,,,,,0.6646034717559814,,,,,,,
50,,22089,,,,,,0.6334143877029419,,,,,,,
50,,22099,,,,,,1.1765679121017456,,,,,,,
50,,22109,,,,,,0.6974054574966431,,,,,,,
50,,22119,,,,,,0.8399299383163452,,,,,,,
50,,22129,,,,,,0.41055262088775635,,,,,,,
50,,22139,,,,,,0.9446946978569031,,,,,,,
50,,22149,,,,,,0.9448710083961487,,,,,,,
50,,22159,,,,,,0.8233829736709595,,,,,,,
50,,22169,,,,,,0.929434061050415,,,,,,,
50,,22179,,,,,,2.5693373680114746,,,,,,,
50,,22189,,,,,,1.1480942964553833,,,,,,,
50,,22199,,,,,,2.152714729309082,,,,,,,
50,,22209,,,,,,0.7606866955757141,,,,,,,
50,,22219,,,,,,0.9688106775283813,,,,,,,
50,,22229,,,,,,1.2729575634002686,,,,,,,
50,,22239,,,,,,1.3164743185043335,,,,,,,
50,,22249,,,,,,1.6583447456359863,,,,,,,
50,,22259,,,,,,1.5986740589141846,,,,,,,
50,,22269,,,,,,1.0544764995574951,,,,,,,
50,,22279,,,,,,3.101834297180176,,,,,,,
50,,22289,,,,,,0.276411235332489,,,,,,,
50,,22299,,,,,,1.3182146549224854,,,,,,,
50,,22309,,,,,,0.9369899034500122,,,,,,,
50,,22319,,,,,,0.8439865708351135,,,,,,,
50,,22329,,,,,,1.3071550130844116,,,,,,,
50,,22337,,,,,,,,,,4.081786632537842,1.6471229791641235,0.33522525429725647,2.02034330368042
50,,22337,,,,,1.2378991842269897,,0.8686025142669678,0.8311656713485718,1.1126091480255127,,,,
,0.000125,22338,,,,,,,,,,,,,
51,,22339,,,,,,0.7458556890487671,,,,,,,
51,,22349,,,,,,1.2366963624954224,,,,,,,
51,,22359,,,,,,0.8270974159240723,,,,,,,
51,,22369,,,,,,1.091506004333496,,,,,,,
51,,22379,,,,,,1.810352087020874,,,,,,,
51,,22389,,,,,,0.6568284630775452,,,,,,,
51,,22399,,,,,,0.8195462226867676,,,,,,,
51,,22409,,,,,,2.020792245864868,,,,,,,
51,,22419,,,,,,0.3261665105819702,,,,,,,
51,,22429,,,,,,2.4937996864318848,,,,,,,
51,,22439,,,,,,1.420140266418457,,,,,,,
51,,22449,,,,,,2.210991382598877,,,,,,,
51,,22459,,,,,,1.141413688659668,,,,,,,
51,,22469,,,,,,1.331266164779663,,,,,,,
51,,22479,,,,,,0.4187085032463074,,,,,,,
51,,22489,,,,,,0.37348473072052,,,,,,,
51,,22499,,,,,,2.249858856201172,,,,,,,
51,,22509,,,,,,0.936369776725769,,,,,,,
51,,22519,,,,,,2.86149001121521,,,,,,,
51,,22529,,,,,,0.7023234963417053,,,,,,,
51,,22539,,,,,,0.7663935422897339,,,,,,,
51,,22549,,,,,,1.3830543756484985,,,,,,,
51,,22559,,,,,,0.39769697189331055,,,,,,,
51,,22569,,,,,,0.5248632431030273,,,,,,,
51,,22579,,,,,,1.234649658203125,,,,,,,
51,,22589,,,,,,0.9336668848991394,,,,,,,
51,,22599,,,,,,0.9199972152709961,,,,,,,
51,,22609,,,,,,0.36092695593833923,,,,,,,
51,,22619,,,,,,0.5181037783622742,,,,,,,
51,,22629,,,,,,0.5005443096160889,,,,,,,
51,,22639,,,,,,0.230986088514328,,,,,,,
51,,22649,,,,,,3.0336248874664307,,,,,,,
51,,22659,,,,,,0.6009052395820618,,,,,,,
51,,22669,,,,,,0.8078934550285339,,,,,,,
51,,22679,,,,,,0.7504850625991821,,,,,,,
51,,22689,,,,,,1.2030326128005981,,,,,,,
51,,22699,,,,,,0.5734750628471375,,,,,,,
51,,22709,,,,,,0.4497469663619995,,,,,,,
51,,22719,,,,,,1.2006784677505493,,,,,,,
51,,22729,,,,,,0.3561340272426605,,,,,,,
51,,22739,,,,,,0.2894550561904907,,,,,,,
51,,22749,,,,,,0.7260047197341919,,,,,,,
51,,22759,,,,,,1.79066801071167,,,,,,,
51,,22769,,,,,,1.5618693828582764,,,,,,,
51,,22775,,,,,,,,,,4.334341049194336,1.7006663084030151,0.3306044340133667,2.0819079875946045
51,,22775,,,,,1.1796929836273193,,0.8453448414802551,0.8400510549545288,1.0861366987228394,,,,
,0.000125,22776,,,,,,,,,,,,,
52,,22779,,,,,,1.1647491455078125,,,,,,,
52,,22789,,,,,,0.7528015375137329,,,,,,,
52,,22799,,,,,,0.9638634324073792,,,,,,,
52,,22809,,,,,,0.9052118062973022,,,,,,,
52,,22819,,,,,,0.20823004841804504,,,,,,,
52,,22829,,,,,,0.5269143581390381,,,,,,,
52,,22839,,,,,,1.1170032024383545,,,,,,,
52,,22849,,,,,,0.9778635501861572,,,,,,,
52,,22859,,,,,,0.5941711664199829,,,,,,,
52,,22869,,,,,,0.805387020111084,,,,,,,
52,,22879,,,,,,0.2868289351463318,,,,,,,
52,,22889,,,,,,0.14532169699668884,,,,,,,
52,,22899,,,,,,2.1827523708343506,,,,,,,
52,,22909,,,,,,0.605762779712677,,,,,,,
52,,22919,,,,,,1.6856255531311035,,,,,,,
52,,22929,,,,,,0.7151193618774414,,,,,,,
52,,22939,,,,,,1.9320759773254395,,,,,,,
52,,22949,,,,,,0.450861394405365,,,,,,,
52,,22959,,,,,,0.2799016237258911,,,,,,,
52,,22969,,,,,,1.0390753746032715,,,,,,,
52,,22979,,,,,,0.5506887435913086,,,,,,,
52,,22989,,,,,,1.3729535341262817,,,,,,,
52,,22999,,,,,,2.0638630390167236,,,,,,,
52,,23009,,,,,,0.9915158152580261,,,,,,,
52,,23019,,,,,,1.2843494415283203,,,,,,,
52,,23029,,,,,,1.124603271484375,,,,,,,
52,,23039,,,,,,3.8001105785369873,,,,,,,
52,,23049,,,,,,0.34874090552330017,,,,,,,
52,,23059,,,,,,2.143775701522827,,,,,,,
52,,23069,,,,,,1.479586124420166,,,,,,,
52,,23079,,,,,,1.4322800636291504,,,,,,,
52,,23089,,,,,,0.4787158966064453,,,,,,,
52,,23099,,,,,,2.6735076904296875,,,,,,,
52,,23109,,,,,,1.1042590141296387,,,,,,,
52,,23119,,,,,,1.2821474075317383,,,,,,,
52,,23129,,,,,,1.2454125881195068,,,,,,,
52,,23139,,,,,,0.5690972208976746,,,,,,,
52,,23149,,,,,,0.6775245666503906,,,,,,,
52,,23159,,,,,,1.1971359252929688,,,,,,,
52,,23169,,,,,,0.3174932301044464,,,,,,,
52,,23179,,,,,,1.4058787822723389,,,,,,,
52,,23189,,,,,,0.7175272703170776,,,,,,,
52,,23199,,,,,,2.548534631729126,,,,,,,
52,,23209,,,,,,0.6436142921447754,,,,,,,
52,,23213,,,,,,,,,,4.088534355163574,1.650551438331604,0.36195212602615356,2.02201247215271
52,,23213,,,,,1.1419490575790405,,0.822372317314148,0.8456575274467468,1.068620204925537,,,,
53,,23214,2.5180423259735107,1.264849305152893,0.3981655538082123,1.5868340730667114,,,,,,,,,
